
/*!40101 SET @OLD_CHARACTER_SET_CLIENT=@@CHARACTER_SET_CLIENT */;
/*!40101 SET @OLD_CHARACTER_SET_RESULTS=@@CHARACTER_SET_RESULTS */;
/*!40101 SET @OLD_COLLATION_CONNECTION=@@COLLATION_CONNECTION */;
/*!40101 SET NAMES utf8mb4 */;
/*!40103 SET @OLD_TIME_ZONE=@@TIME_ZONE */;
/*!40103 SET TIME_ZONE='+00:00' */;
/*!40014 SET @OLD_UNIQUE_CHECKS=@@UNIQUE_CHECKS, UNIQUE_CHECKS=0 */;
/*!40014 SET @OLD_FOREIGN_KEY_CHECKS=@@FOREIGN_KEY_CHECKS, FOREIGN_KEY_CHECKS=0 */;
/*!40101 SET @OLD_SQL_MODE=@@SQL_MODE, SQL_MODE='NO_AUTO_VALUE_ON_ZERO' */;
/*!40111 SET @OLD_SQL_NOTES=@@SQL_NOTES, SQL_NOTES=0 */;
DROP TABLE IF EXISTS `asistencias`;
/*!40101 SET @saved_cs_client     = @@character_set_client */;
/*!40101 SET character_set_client = utf8 */;
CREATE TABLE `asistencias` (
  `id` int(10) unsigned NOT NULL AUTO_INCREMENT,
  `alumno_id` int(10) unsigned NOT NULL,
  `clase_id` int(10) unsigned NOT NULL,
  `hora_entrada` time DEFAULT NULL,
  `hora_salida` time DEFAULT NULL,
  `estado` enum('presente','tardanza','ausente') NOT NULL DEFAULT 'ausente',
  `created_at` timestamp NOT NULL DEFAULT current_timestamp(),
  `updated_at` timestamp NOT NULL DEFAULT current_timestamp() ON UPDATE current_timestamp(),
  PRIMARY KEY (`id`),
  UNIQUE KEY `uq_asistencia` (`alumno_id`,`clase_id`),
  KEY `idx_asistencias_clase` (`clase_id`),
  KEY `idx_asistencias_alumno` (`alumno_id`),
  CONSTRAINT `asistencias_ibfk_1` FOREIGN KEY (`alumno_id`) REFERENCES `usuarios` (`id`) ON DELETE CASCADE,
  CONSTRAINT `asistencias_ibfk_2` FOREIGN KEY (`clase_id`) REFERENCES `clases` (`id`) ON DELETE CASCADE
) ENGINE=InnoDB AUTO_INCREMENT=33 DEFAULT CHARSET=utf8mb4 COLLATE=utf8mb4_general_ci;
/*!40101 SET character_set_client = @saved_cs_client */;

LOCK TABLES `asistencias` WRITE;
/*!40000 ALTER TABLE `asistencias` DISABLE KEYS */;
INSERT INTO `asistencias` VALUES (1,206,28,NULL,NULL,'ausente','2026-07-01 15:25:07','2026-07-01 15:25:07'),(2,159,28,NULL,NULL,'ausente','2026-07-01 15:25:07','2026-07-01 15:25:07'),(3,123,28,NULL,NULL,'ausente','2026-07-01 15:25:07','2026-07-01 15:25:07'),(4,106,28,NULL,NULL,'ausente','2026-07-01 15:25:07','2026-07-01 15:25:07'),(5,68,28,NULL,NULL,'ausente','2026-07-01 15:25:07','2026-07-01 15:25:07'),(6,101,28,NULL,NULL,'ausente','2026-07-01 15:25:07','2026-07-01 15:25:07'),(7,177,28,NULL,NULL,'ausente','2026-07-01 15:25:07','2026-07-01 15:25:07'),(8,110,28,NULL,NULL,'ausente','2026-07-01 15:25:07','2026-07-01 15:25:07'),(9,98,28,NULL,NULL,'ausente','2026-07-01 15:25:07','2026-07-01 15:25:07'),(10,230,28,NULL,NULL,'ausente','2026-07-01 15:25:07','2026-07-01 15:25:07'),(11,62,28,NULL,NULL,'ausente','2026-07-01 15:25:07','2026-07-01 15:25:07'),(12,235,28,NULL,NULL,'ausente','2026-07-01 15:25:07','2026-07-01 15:25:07'),(13,37,28,NULL,NULL,'ausente','2026-07-01 15:25:07','2026-07-01 15:25:07'),(14,222,28,NULL,NULL,'ausente','2026-07-01 15:25:07','2026-07-01 15:25:07'),(15,192,28,NULL,NULL,'ausente','2026-07-01 15:25:07','2026-07-01 15:25:07'),(16,181,28,NULL,NULL,'ausente','2026-07-01 15:25:07','2026-07-01 15:25:07'),(17,173,28,NULL,NULL,'ausente','2026-07-01 15:25:07','2026-07-01 15:25:07'),(18,9,28,NULL,NULL,'ausente','2026-07-01 15:25:07','2026-07-01 15:25:07'),(19,59,28,NULL,NULL,'ausente','2026-07-01 15:25:07','2026-07-01 15:25:07'),(20,99,28,NULL,NULL,'ausente','2026-07-01 15:25:07','2026-07-01 15:25:07'),(21,2,28,NULL,NULL,'presente','2026-07-01 15:25:07','2026-07-01 15:25:32');
/*!40000 ALTER TABLE `asistencias` ENABLE KEYS */;
UNLOCK TABLES;
DROP TABLE IF EXISTS `aulas`;
/*!40101 SET @saved_cs_client     = @@character_set_client */;
/*!40101 SET character_set_client = utf8 */;
CREATE TABLE `aulas` (
  `id` int(10) unsigned NOT NULL AUTO_INCREMENT,
  `nombre` varchar(100) NOT NULL,
  `token` varchar(64) NOT NULL,
  `activo` tinyint(1) NOT NULL DEFAULT 1,
  `created_at` timestamp NOT NULL DEFAULT current_timestamp(),
  PRIMARY KEY (`id`),
  UNIQUE KEY `token` (`token`)
) ENGINE=InnoDB AUTO_INCREMENT=2 DEFAULT CHARSET=utf8mb4 COLLATE=utf8mb4_unicode_ci;
/*!40101 SET character_set_client = @saved_cs_client */;

LOCK TABLES `aulas` WRITE;
/*!40000 ALTER TABLE `aulas` DISABLE KEYS */;
INSERT INTO `aulas` VALUES (1,'Aula 101','e59d3525f4767cfbef32499421de0a3065ead94957f53f4390b8d61adce0e51c',1,'2026-06-28 01:26:21');
/*!40000 ALTER TABLE `aulas` ENABLE KEYS */;
UNLOCK TABLES;
DROP TABLE IF EXISTS `clases`;
/*!40101 SET @saved_cs_client     = @@character_set_client */;
/*!40101 SET character_set_client = utf8 */;
CREATE TABLE `clases` (
  `id` int(10) unsigned NOT NULL AUTO_INCREMENT,
  `materia_id` int(10) unsigned NOT NULL,
  `fecha` date NOT NULL,
  `hora_inicio` time NOT NULL,
  `duracion_min` smallint(5) unsigned NOT NULL DEFAULT 90,
  `aula` varchar(50) DEFAULT NULL,
  `modalidad` enum('presencial','virtual','hibrida') NOT NULL DEFAULT 'presencial',
  `estado` enum('pendiente','en_curso','finalizada') NOT NULL DEFAULT 'pendiente',
  `created_at` timestamp NOT NULL DEFAULT current_timestamp(),
  PRIMARY KEY (`id`),
  KEY `idx_clases_fecha` (`fecha`),
  KEY `idx_clases_materia` (`materia_id`),
  KEY `idx_clases_estado` (`estado`),
  CONSTRAINT `clases_ibfk_1` FOREIGN KEY (`materia_id`) REFERENCES `materias` (`id`) ON DELETE CASCADE
) ENGINE=InnoDB AUTO_INCREMENT=33 DEFAULT CHARSET=utf8mb4 COLLATE=utf8mb4_general_ci;
/*!40101 SET character_set_client = @saved_cs_client */;

LOCK TABLES `clases` WRITE;
/*!40000 ALTER TABLE `clases` DISABLE KEYS */;
INSERT INTO `clases` VALUES (1,1,'2026-03-30','08:30:00',240,NULL,'presencial','pendiente','2026-07-01 14:53:53'),(2,1,'2026-04-01','08:30:00',240,NULL,'presencial','pendiente','2026-07-01 14:53:53'),(3,1,'2026-04-06','08:30:00',240,NULL,'presencial','pendiente','2026-07-01 14:53:53'),(4,1,'2026-04-08','08:30:00',240,NULL,'presencial','pendiente','2026-07-01 14:53:53'),(5,1,'2026-04-13','08:30:00',240,NULL,'presencial','pendiente','2026-07-01 14:53:53'),(6,1,'2026-04-15','08:30:00',240,NULL,'presencial','pendiente','2026-07-01 14:53:53'),(7,1,'2026-04-20','08:30:00',240,NULL,'presencial','pendiente','2026-07-01 14:53:53'),(8,1,'2026-04-22','08:30:00',240,NULL,'presencial','pendiente','2026-07-01 14:53:53'),(9,1,'2026-04-27','08:30:00',240,NULL,'presencial','pendiente','2026-07-01 14:53:53'),(10,1,'2026-04-29','08:30:00',240,NULL,'presencial','pendiente','2026-07-01 14:53:53'),(11,1,'2026-05-04','08:30:00',240,NULL,'presencial','pendiente','2026-07-01 14:53:53'),(12,1,'2026-05-06','08:30:00',240,NULL,'presencial','pendiente','2026-07-01 14:53:53'),(13,1,'2026-05-11','08:30:00',240,NULL,'presencial','pendiente','2026-07-01 14:53:53'),(14,1,'2026-05-13','08:30:00',240,NULL,'presencial','pendiente','2026-07-01 14:53:53'),(15,1,'2026-05-18','08:30:00',240,NULL,'presencial','pendiente','2026-07-01 14:53:53'),(16,1,'2026-05-20','08:30:00',240,NULL,'presencial','pendiente','2026-07-01 14:53:53'),(17,1,'2026-05-25','08:30:00',240,NULL,'presencial','pendiente','2026-07-01 14:53:53'),(18,1,'2026-05-27','08:30:00',240,NULL,'presencial','pendiente','2026-07-01 14:53:53'),(19,1,'2026-06-01','08:30:00',240,NULL,'presencial','pendiente','2026-07-01 14:53:53'),(20,1,'2026-06-03','08:30:00',240,NULL,'presencial','pendiente','2026-07-01 14:53:53'),(21,1,'2026-06-08','08:30:00',240,NULL,'presencial','pendiente','2026-07-01 14:53:53'),(22,1,'2026-06-10','08:30:00',240,NULL,'presencial','pendiente','2026-07-01 14:53:53'),(23,1,'2026-06-15','08:30:00',240,NULL,'presencial','pendiente','2026-07-01 14:53:53'),(24,1,'2026-06-17','08:30:00',240,NULL,'presencial','pendiente','2026-07-01 14:53:53'),(25,1,'2026-06-22','08:30:00',240,NULL,'presencial','pendiente','2026-07-01 14:53:53'),(26,1,'2026-06-24','08:30:00',240,NULL,'presencial','pendiente','2026-07-01 14:53:53'),(27,1,'2026-06-29','08:30:00',240,NULL,'presencial','pendiente','2026-07-01 14:53:53'),(28,1,'2026-07-01','08:30:00',240,NULL,'presencial','finalizada','2026-07-01 14:53:53'),(29,1,'2026-07-06','08:30:00',240,NULL,'presencial','pendiente','2026-07-01 14:53:53'),(30,1,'2026-07-08','08:30:00',240,NULL,'presencial','pendiente','2026-07-01 14:53:53'),(31,1,'2026-07-13','08:30:00',240,NULL,'presencial','pendiente','2026-07-01 14:53:53'),(32,1,'2026-07-15','08:30:00',240,NULL,'presencial','pendiente','2026-07-01 14:53:53');
/*!40000 ALTER TABLE `clases` ENABLE KEYS */;
UNLOCK TABLES;
DROP TABLE IF EXISTS `configuracion`;
/*!40101 SET @saved_cs_client     = @@character_set_client */;
/*!40101 SET character_set_client = utf8 */;
CREATE TABLE `configuracion` (
  `clave` varchar(60) NOT NULL,
  `valor` varchar(255) NOT NULL,
  PRIMARY KEY (`clave`)
) ENGINE=InnoDB DEFAULT CHARSET=utf8mb4 COLLATE=utf8mb4_general_ci;
/*!40101 SET character_set_client = @saved_cs_client */;

LOCK TABLES `configuracion` WRITE;
/*!40000 ALTER TABLE `configuracion` DISABLE KEYS */;
INSERT INTO `configuracion` VALUES ('nombre_institucion','Instituto Técnico'),('notificaciones_activas','1'),('periodo_activo','2026-1'),('qr_rotacion_segundos','30'),('tolerancia_minutos','10');
/*!40000 ALTER TABLE `configuracion` ENABLE KEYS */;
UNLOCK TABLES;
DROP TABLE IF EXISTS `cursos`;
/*!40101 SET @saved_cs_client     = @@character_set_client */;
/*!40101 SET character_set_client = utf8 */;
CREATE TABLE `cursos` (
  `id` int(10) unsigned NOT NULL AUTO_INCREMENT,
  `nombre` varchar(20) NOT NULL,
  PRIMARY KEY (`id`),
  UNIQUE KEY `nombre` (`nombre`)
) ENGINE=InnoDB AUTO_INCREMENT=8 DEFAULT CHARSET=utf8mb4 COLLATE=utf8mb4_unicode_ci;
/*!40101 SET character_set_client = @saved_cs_client */;

LOCK TABLES `cursos` WRITE;
/*!40000 ALTER TABLE `cursos` DISABLE KEYS */;
INSERT INTO `cursos` VALUES (1,'M1A'),(2,'M1B'),(3,'M2'),(4,'M3'),(5,'M4'),(6,'N1'),(7,'N3');
/*!40000 ALTER TABLE `cursos` ENABLE KEYS */;
UNLOCK TABLES;
DROP TABLE IF EXISTS `inscripciones`;
/*!40101 SET @saved_cs_client     = @@character_set_client */;
/*!40101 SET character_set_client = utf8 */;
CREATE TABLE `inscripciones` (
  `id` int(10) unsigned NOT NULL AUTO_INCREMENT,
  `alumno_id` int(10) unsigned NOT NULL,
  `materia_id` int(10) unsigned NOT NULL,
  `created_at` timestamp NOT NULL DEFAULT current_timestamp(),
  PRIMARY KEY (`id`),
  UNIQUE KEY `uq_inscripcion` (`alumno_id`,`materia_id`),
  KEY `materia_id` (`materia_id`),
  CONSTRAINT `inscripciones_ibfk_1` FOREIGN KEY (`alumno_id`) REFERENCES `usuarios` (`id`) ON DELETE CASCADE,
  CONSTRAINT `inscripciones_ibfk_2` FOREIGN KEY (`materia_id`) REFERENCES `materias` (`id`) ON DELETE CASCADE
) ENGINE=InnoDB AUTO_INCREMENT=22 DEFAULT CHARSET=utf8mb4 COLLATE=utf8mb4_general_ci;
/*!40101 SET character_set_client = @saved_cs_client */;

LOCK TABLES `inscripciones` WRITE;
/*!40000 ALTER TABLE `inscripciones` DISABLE KEYS */;
INSERT INTO `inscripciones` VALUES (1,206,1,'2026-07-01 15:08:00'),(2,159,1,'2026-07-01 15:08:00'),(3,123,1,'2026-07-01 15:08:00'),(4,106,1,'2026-07-01 15:08:00'),(5,68,1,'2026-07-01 15:08:00'),(6,101,1,'2026-07-01 15:08:00'),(7,177,1,'2026-07-01 15:08:00'),(8,110,1,'2026-07-01 15:08:00'),(9,98,1,'2026-07-01 15:08:00'),(10,230,1,'2026-07-01 15:08:00'),(11,62,1,'2026-07-01 15:08:00'),(12,235,1,'2026-07-01 15:08:00'),(13,37,1,'2026-07-01 15:08:00'),(14,222,1,'2026-07-01 15:08:00'),(15,192,1,'2026-07-01 15:08:00'),(16,181,1,'2026-07-01 15:08:00'),(17,173,1,'2026-07-01 15:08:00'),(18,9,1,'2026-07-01 15:08:00'),(19,59,1,'2026-07-01 15:08:00'),(20,99,1,'2026-07-01 15:08:00'),(21,2,1,'2026-07-01 15:08:08');
/*!40000 ALTER TABLE `inscripciones` ENABLE KEYS */;
UNLOCK TABLES;
DROP TABLE IF EXISTS `materia_horarios`;
/*!40101 SET @saved_cs_client     = @@character_set_client */;
/*!40101 SET character_set_client = utf8 */;
CREATE TABLE `materia_horarios` (
  `id` int(10) unsigned NOT NULL AUTO_INCREMENT,
  `materia_id` int(10) unsigned NOT NULL,
  `dia_semana` tinyint(3) unsigned NOT NULL COMMENT '1=Lun 2=Mar 3=Mié 4=Jue 5=Vie 6=Sáb 7=Dom',
  `hora_inicio` time NOT NULL,
  `hora_fin` time NOT NULL,
  PRIMARY KEY (`id`),
  UNIQUE KEY `uq_materia_dia` (`materia_id`,`dia_semana`),
  CONSTRAINT `materia_horarios_ibfk_1` FOREIGN KEY (`materia_id`) REFERENCES `materias` (`id`) ON DELETE CASCADE
) ENGINE=InnoDB AUTO_INCREMENT=3 DEFAULT CHARSET=utf8mb4 COLLATE=utf8mb4_unicode_ci;
/*!40101 SET character_set_client = @saved_cs_client */;

LOCK TABLES `materia_horarios` WRITE;
/*!40000 ALTER TABLE `materia_horarios` DISABLE KEYS */;
INSERT INTO `materia_horarios` VALUES (1,1,1,'08:30:00','12:30:00'),(2,1,3,'08:30:00','12:30:00');
/*!40000 ALTER TABLE `materia_horarios` ENABLE KEYS */;
UNLOCK TABLES;
DROP TABLE IF EXISTS `materias`;
/*!40101 SET @saved_cs_client     = @@character_set_client */;
/*!40101 SET character_set_client = utf8 */;
CREATE TABLE `materias` (
  `id` int(10) unsigned NOT NULL AUTO_INCREMENT,
  `nombre` varchar(150) NOT NULL,
  `codigo` varchar(30) NOT NULL,
  `curso` varchar(20) NOT NULL,
  `modalidad` enum('presencial','virtual','hibrida') NOT NULL DEFAULT 'presencial',
  `profesor_id` int(10) unsigned DEFAULT NULL,
  `activo` tinyint(1) NOT NULL DEFAULT 1,
  `created_at` timestamp NOT NULL DEFAULT current_timestamp(),
  `profesor_2_id` int(10) unsigned DEFAULT NULL,
  PRIMARY KEY (`id`),
  UNIQUE KEY `codigo` (`codigo`),
  KEY `profesor_id` (`profesor_id`),
  CONSTRAINT `materias_ibfk_1` FOREIGN KEY (`profesor_id`) REFERENCES `usuarios` (`id`) ON DELETE SET NULL
) ENGINE=InnoDB AUTO_INCREMENT=4 DEFAULT CHARSET=utf8mb4 COLLATE=utf8mb4_general_ci;
/*!40101 SET character_set_client = @saved_cs_client */;

LOCK TABLES `materias` WRITE;
/*!40000 ALTER TABLE `materias` DISABLE KEYS */;
INSERT INTO `materias` VALUES (1,'materia prueba','MATPRU','M1A','presencial',238,1,'2026-07-01 14:53:53',NULL);
/*!40000 ALTER TABLE `materias` ENABLE KEYS */;
UNLOCK TABLES;
DROP TABLE IF EXISTS `qr_sesiones`;
/*!40101 SET @saved_cs_client     = @@character_set_client */;
/*!40101 SET character_set_client = utf8 */;
CREATE TABLE `qr_sesiones` (
  `id` int(10) unsigned NOT NULL AUTO_INCREMENT,
  `aula_id` int(10) unsigned NOT NULL,
  `clase_id` int(10) unsigned NOT NULL,
  `tipo` enum('entrada','salida') NOT NULL DEFAULT 'entrada',
  `profesor_id` int(10) unsigned NOT NULL,
  `activo` tinyint(1) NOT NULL DEFAULT 1,
  `activado_en` timestamp NOT NULL DEFAULT current_timestamp(),
  `expira_en` timestamp NULL DEFAULT NULL,
  PRIMARY KEY (`id`),
  KEY `idx_aula_activo` (`aula_id`,`activo`),
  KEY `idx_clase` (`clase_id`)
) ENGINE=InnoDB AUTO_INCREMENT=3 DEFAULT CHARSET=utf8mb4 COLLATE=utf8mb4_unicode_ci;
/*!40101 SET character_set_client = @saved_cs_client */;

LOCK TABLES `qr_sesiones` WRITE;
/*!40000 ALTER TABLE `qr_sesiones` DISABLE KEYS */;
INSERT INTO `qr_sesiones` VALUES (1,1,28,'entrada',238,0,'2026-07-01 15:23:41',NULL),(2,1,28,'salida',238,0,'2026-07-01 15:25:01','2026-07-01 15:40:01');
/*!40000 ALTER TABLE `qr_sesiones` ENABLE KEYS */;
UNLOCK TABLES;
DROP TABLE IF EXISTS `qr_tokens`;
/*!40101 SET @saved_cs_client     = @@character_set_client */;
/*!40101 SET character_set_client = utf8 */;
CREATE TABLE `qr_tokens` (
  `id` int(10) unsigned NOT NULL AUTO_INCREMENT,
  `clase_id` int(10) unsigned NOT NULL,
  `token` varchar(64) NOT NULL,
  `tipo` enum('entrada','salida') NOT NULL DEFAULT 'entrada',
  `expira_en` datetime NOT NULL,
  `activo` tinyint(1) NOT NULL DEFAULT 1,
  `created_at` timestamp NOT NULL DEFAULT current_timestamp(),
  PRIMARY KEY (`id`),
  KEY `clase_id` (`clase_id`),
  KEY `idx_token` (`token`),
  KEY `idx_expira` (`expira_en`),
  CONSTRAINT `qr_tokens_ibfk_1` FOREIGN KEY (`clase_id`) REFERENCES `clases` (`id`) ON DELETE CASCADE
) ENGINE=InnoDB DEFAULT CHARSET=utf8mb4 COLLATE=utf8mb4_general_ci;
/*!40101 SET character_set_client = @saved_cs_client */;

LOCK TABLES `qr_tokens` WRITE;
/*!40000 ALTER TABLE `qr_tokens` DISABLE KEYS */;
/*!40000 ALTER TABLE `qr_tokens` ENABLE KEYS */;
UNLOCK TABLES;
DROP TABLE IF EXISTS `usuarios`;
/*!40101 SET @saved_cs_client     = @@character_set_client */;
/*!40101 SET character_set_client = utf8 */;
CREATE TABLE `usuarios` (
  `id` int(10) unsigned NOT NULL AUTO_INCREMENT,
  `legajo` varchar(20) NOT NULL,
  `nombre` varchar(100) NOT NULL,
  `apellido` varchar(100) NOT NULL,
  `email` varchar(150) DEFAULT NULL,
  `password` varchar(255) NOT NULL,
  `rol` enum('alumno','profesor','secretaria','admin') NOT NULL,
  `curso` varchar(20) DEFAULT NULL,
  `foto` varchar(255) DEFAULT NULL,
  `activo` tinyint(1) NOT NULL DEFAULT 1,
  `created_at` timestamp NOT NULL DEFAULT current_timestamp(),
  `token_recuperacion` varchar(64) DEFAULT NULL,
  `token_expira` datetime DEFAULT NULL,
  PRIMARY KEY (`id`),
  UNIQUE KEY `legajo` (`legajo`),
  UNIQUE KEY `email` (`email`)
) ENGINE=InnoDB AUTO_INCREMENT=257 DEFAULT CHARSET=utf8mb4 COLLATE=utf8mb4_general_ci;
/*!40101 SET character_set_client = @saved_cs_client */;

LOCK TABLES `usuarios` WRITE;
/*!40000 ALTER TABLE `usuarios` DISABLE KEYS */;
INSERT INTO `usuarios` VALUES (1,'90001','Admin','Sistema','admin@instituto.edu','$2y$10$92IXUNpkjO0rOQ5byMi.Ye4oKoEa3Ro9llC/.og/at2.uheWG/igi','admin',NULL,NULL,1,'2026-06-20 15:13:02',NULL,NULL),(2,'29533','Yoel','Arequipa',NULL,'$2y$10$hNPsyOX1iVHwzU5fIZg8XOxs/Fr7rp8EWRlQitJ3.24TqkKJ8BAbi','alumno','2° A','u2_1782923055.jpg',1,'2026-06-20 15:53:44',NULL,NULL),(3,'90002','Maria','Lopez',NULL,'$2y$10$92IXUNpkjO0rOQ5byMi.Ye4oKoEa3Ro9llC/.og/at2.uheWG/igi','secretaria',NULL,NULL,1,'2026-06-21 00:12:53',NULL,NULL),(4,'19001','Gustavo','Mendez','gustavomendez@frh.utn.edu.ar','$2y$10$Gv4z75j/pFwAz1KQCLJkNOyj6CoGPdZM.lbgmvzpAG1I1CZ8frHrG','profesor',NULL,NULL,1,'2026-06-21 00:20:58',NULL,NULL),(5,'19002','Ramon','Perez','ramonperez@frh.utn.edu.ar','$2y$10$e4wQaxcCsPSZFMwutCQkjuUKchQUow2R2TtQ4BY2yiXIxc4e0q/v.','profesor',NULL,NULL,1,'2026-06-21 22:35:16',NULL,NULL),(6,'29030','Valentina','González','valentina.gonzalez030@alumnos.frh.utn.edu.ar','$2y$10$Arze5IsbGo0LTKfy5H19xuvGHodQZEP41BZlrY770A/chp89vsK1u','alumno','M4',NULL,1,'2026-06-21 23:46:32',NULL,NULL),(7,'29031','Mateo','Fernández','mateo.fernandez031@alumnos.frh.utn.edu.ar','$2y$10$hfZUllhwwGImHMOCVUgJg.Mzq3CTx51swBcwT/DyNPYy5YhEtunLq','alumno','M4',NULL,1,'2026-06-21 23:46:32',NULL,NULL),(8,'29032','Luciana','López','luciana.lopez032@alumnos.frh.utn.edu.ar','$2y$10$9.N6.TKol/BAlNaWgz/uDeho9z2vZDDiu9bf/XZyBWgoTQIhFo8tS','alumno','M4',NULL,1,'2026-06-21 23:46:33',NULL,NULL),(9,'29033','Santiago','Martínez','santiago.martinez033@alumnos.frh.utn.edu.ar','$2y$10$e.KaEH4wG.0vwf/5rfrMgOQBJWNa3p5zwq1GebqRSNqcyn2BUN8Hy','alumno','M4',NULL,1,'2026-06-21 23:46:33',NULL,NULL),(10,'29034','Camila','Rodríguez','camila.rodriguez034@alumnos.frh.utn.edu.ar','$2y$10$zuY52O6sQsYvISnX.u1E3eJOis3PjVyL6uwHVECl.sIN8MGl/.2JS','alumno','M4',NULL,1,'2026-06-21 23:46:33',NULL,NULL),(11,'29035','Nicolás','Pérez','nicolas.perez035@alumnos.frh.utn.edu.ar','$2y$10$4jmIxnDBUVOZ1N8ZHa8V7ODqXCKgeGcU2b01F7SwIE/FkID7uCs1q','alumno','M4',NULL,1,'2026-06-21 23:46:33',NULL,NULL),(12,'29036','Sofía','Sánchez','sofia.sanchez036@alumnos.frh.utn.edu.ar','$2y$10$PoU9dSwJLTl3atK1JIWs8ODlvuZB6Jkswju61YECN/DmfXIH1Akki','alumno','M4',NULL,1,'2026-06-21 23:46:33',NULL,NULL),(13,'29037','Joaquín','Romero','joaquin.romero037@alumnos.frh.utn.edu.ar','$2y$10$y7eXdzlnckEYU2.hJIiWT.qgicj6vTca/Vmka0iUE/T8jZ.XtcTNi','alumno','M4',NULL,1,'2026-06-21 23:46:33',NULL,NULL),(14,'29038','Martina','Torres','martina.torres038@alumnos.frh.utn.edu.ar','$2y$10$ImnynkytteH/bzh4bOVGHut7e1LteVbdURFjalBhFrpO0Cy32vllu','alumno','M4',NULL,1,'2026-06-21 23:46:33',NULL,NULL),(15,'29039','Tomás','Díaz','tomas.diaz039@alumnos.frh.utn.edu.ar','$2y$10$AMQuDkGM3CMJxsdEr74n7eoupfuyO3p2pxw9oWTkZbajn8OSbKu3W','alumno','M4',NULL,1,'2026-06-21 23:46:33',NULL,NULL),(16,'29040','Agustina','Álvarez','agustina.alvarez040@alumnos.frh.utn.edu.ar','$2y$10$4.2q0a8rDoLB9LkASDGCuuNoIMDyh8wq1oie88hp9HzC245VLhF3y','alumno','M4',NULL,1,'2026-06-21 23:46:33',NULL,NULL),(17,'29041','Facundo','Ruiz','facundo.ruiz041@alumnos.frh.utn.edu.ar','$2y$10$CFI7TQ.VKI3joUjfhihfZODg44u2MHxZ1Xv3J3zjObRL9T1FCWMIC','alumno','M4',NULL,1,'2026-06-21 23:46:33',NULL,NULL),(18,'29042','Florencia','Ramírez','florencia.ramirez042@alumnos.frh.utn.edu.ar','$2y$10$RJjQOy0Y.WAPVaVqFqifle9NDfhx1fT2fRIKcQgwHbeElU3waMax2','alumno','M4',NULL,1,'2026-06-21 23:46:33',NULL,NULL),(19,'29043','Ignacio','Flores','ignacio.flores043@alumnos.frh.utn.edu.ar','$2y$10$Ldb41lAYvSEVZQ20q/448epLHuZy.4TRoQj.LOdvLOH8j7nmBYW4e','alumno','M4',NULL,1,'2026-06-21 23:46:33',NULL,NULL),(20,'29044','Micaela','Acosta','micaela.acosta044@alumnos.frh.utn.edu.ar','$2y$10$dpXZhyXngNj1h.tyGqynVuEJUc1Qgr8rv3HXbLFLO.3cfmDuvz.qy','alumno','M4',NULL,1,'2026-06-21 23:46:34',NULL,NULL),(21,'29045','Ezequiel','Benítez','ezequiel.benitez045@alumnos.frh.utn.edu.ar','$2y$10$IVB489Exyf9mlYZRXqPOiOs.2H2oGNCbSSevwNpdRRc6avhFNJN0y','alumno','M4',NULL,1,'2026-06-21 23:46:34',NULL,NULL),(22,'29046','Rocío','Castro','rocio.castro046@alumnos.frh.utn.edu.ar','$2y$10$hKijaY8EpBl0rfjF4LaZoeeCbHTBNxbGjSsltSSLUTV3iIr/RXPQe','alumno','M4',NULL,1,'2026-06-21 23:46:34',NULL,NULL),(23,'29047','Leandro','Herrera','leandro.herrera047@alumnos.frh.utn.edu.ar','$2y$10$BE4aq.qAr09ADJVDfF6jx.lkRgdGSfBjK9Q132rbSCTbpwrmRNVG6','alumno','M4',NULL,1,'2026-06-21 23:46:34',NULL,NULL),(24,'29048','Julieta','Medina','julieta.medina048@alumnos.frh.utn.edu.ar','$2y$10$/ftilTazbuA2gR4ni5hVlul6clwHbSEUIV1mTR3ZisIKrI4DkNlXa','alumno','M4',NULL,1,'2026-06-21 23:46:34',NULL,NULL),(25,'29049','Rodrigo','Giménez','rodrigo.gimenez049@alumnos.frh.utn.edu.ar','$2y$10$DBbZGXdsEpSI8T0/fB/KLOJ4FLG5dW99wxGKdRTp1CeHuhApcEOeq','alumno','M4',NULL,1,'2026-06-21 23:46:34',NULL,NULL),(26,'29050','Antonella','Suárez','antonella.suarez050@alumnos.frh.utn.edu.ar','$2y$10$rpHVrg/lejU0QOwcTNqYU../QeVtbhf2YcbiiCK6K2Oc9Pl9hp/Te','alumno','M4',NULL,1,'2026-06-21 23:46:34',NULL,NULL),(27,'29051','Federico','Morales','federico.morales051@alumnos.frh.utn.edu.ar','$2y$10$hSiTG8jT8/WBdpDoiyU5q.K9JZX/qTFIedYKu9dJu/ku0kzIhQdwm','alumno','M4',NULL,1,'2026-06-21 23:46:34',NULL,NULL),(28,'29052','Paula','Ortiz','paula.ortiz052@alumnos.frh.utn.edu.ar','$2y$10$7HiNLqdBFHOkqQlcVkFNYOZfT7EVCsrVQ3//ifwMmkQYv47rYw61a','alumno','M4',NULL,1,'2026-06-21 23:46:34',NULL,NULL),(29,'29053','Maximiliano','Silva','maximiliano.silva053@alumnos.frh.utn.edu.ar','$2y$10$qmqfk6/Bbp0uhnq4uCboCe3LhY8RTmleyZD6COOad5WIVNGkD2GQC','alumno','M4',NULL,1,'2026-06-21 23:46:34',NULL,NULL),(30,'29054','Daniela','Vargas','daniela.vargas054@alumnos.frh.utn.edu.ar','$2y$10$wF8Lo2XUq1h9uBp.yZteiu3P.F7ZHR3qGr33OEtuCuHSw0nS6r8Qi','alumno','M4',NULL,1,'2026-06-21 23:46:34',NULL,NULL),(31,'29055','Hernán','Cabrera','hernan.cabrera055@alumnos.frh.utn.edu.ar','$2y$10$SGVuUFBUp730SWIQcoCSkuIU68fvsDb1ONkORtBzGrG6oU67wBY4K','alumno','M4',NULL,1,'2026-06-21 23:46:34',NULL,NULL),(32,'29056','Celeste','Ríos','celeste.rios056@alumnos.frh.utn.edu.ar','$2y$10$bx57Vu5rHd5BlXKO.zKZgeRd7R4CCYgIv6ZaXxaneO.8luux.xQvm','alumno','M4',NULL,1,'2026-06-21 23:46:34',NULL,NULL),(33,'29057','Marcos','Vega','marcos.vega057@alumnos.frh.utn.edu.ar','$2y$10$Nqg1heOEwl5j5LAJGj29t.hoDtp4NcDHapQn4o5.iE9UdvoVdX/ie','alumno','M4',NULL,1,'2026-06-21 23:46:34',NULL,NULL),(34,'29058','Natalia','Molina','natalia.molina058@alumnos.frh.utn.edu.ar','$2y$10$9WKXx99Gb/fqtJ8RegV78OkhsPbBJTN5YixfqKfNR4BAtTxDh.7hW','alumno','M4',NULL,1,'2026-06-21 23:46:34',NULL,NULL),(35,'29059','Gustavo','Navarro','gustavo.navarro059@alumnos.frh.utn.edu.ar','$2y$10$x3GF9cHUinEtyEu/7odVkOrCtpdf7is1Mv56JJHbj0YBj0rWhCrna','alumno','M4',NULL,1,'2026-06-21 23:46:35',NULL,NULL),(36,'29100','Luisina','Romero','luisina.romero100@alumnos.frh.utn.edu.ar','$2y$10$PPfSsnq9GJ9G666oVZyRRuMbmU30IOp7fUFv2J2baZFth.78LidD6','alumno','M1A',NULL,1,'2026-06-25 22:40:34',NULL,NULL),(37,'29101','Ariel','Herrera','ariel.herrera101@alumnos.frh.utn.edu.ar','$2y$10$pg/NJmM/muh5nLRfDQQz0eM2AiZH/5v8o9HfhbpRDzUBeaLehszlm','alumno','M1B',NULL,1,'2026-06-25 22:40:35',NULL,NULL),(38,'29102','Micaela','Torres','micaela.torres102@alumnos.frh.utn.edu.ar','$2y$10$RITBuNlk0uI1/ba2eLdwceBo7BVLn3cmLZx9tZ0W0BJs69HM7QD82','alumno','N1',NULL,1,'2026-06-25 22:40:35',NULL,NULL),(39,'29103','Sofía','Ponce','sofia.ponce103@alumnos.frh.utn.edu.ar','$2y$10$Ui/c8wD5ta3Cya9VOUVlDu0uEcXTmAoXj4B/VMI9F1jjvC9bxcvg.','alumno','N1',NULL,1,'2026-06-25 22:40:35',NULL,NULL),(40,'29104','Romina','Pérez','romina.perez104@alumnos.frh.utn.edu.ar','$2y$10$hOZI/7SZN11ORHW99gbST.3VS8tD93W.u4kUW1xLq4IgriZYaEZbu','alumno','M4',NULL,1,'2026-06-25 22:40:35',NULL,NULL),(41,'29105','Marcos','López','marcos.lopez105@alumnos.frh.utn.edu.ar','$2y$10$qFSliMNys/.jLr0Wm3oA1u4lkfhv0Gdn5COIqV9l6M60yH3ZKnVaO','alumno','M1A',NULL,1,'2026-06-25 22:40:35',NULL,NULL),(42,'29106','Nicolás','Flores','nicolas.flores106@alumnos.frh.utn.edu.ar','$2y$10$bxY7pYJqduU69KdptToKY.MCe3ah0p0VxTIHMYIRTwfjHbfXT0P3O','alumno','M1B',NULL,1,'2026-06-25 22:40:35',NULL,NULL),(43,'29107','Valeria','Aguirre','valeria.aguirre107@alumnos.frh.utn.edu.ar','$2y$10$8CNtQPcOeOeNB4EeN8Izv.EuPz8KDdvgYv6QMC4G8YxtVT8qqjyXy','alumno','M1A',NULL,1,'2026-06-25 22:40:35',NULL,NULL),(44,'29108','Esteban','Ramírez','esteban.ramirez108@alumnos.frh.utn.edu.ar','$2y$10$NgglDqwhYF.q7ztmoQVq3.2u17PZDQvcMTa3kw6/NqYi3Qx6BzDO2','alumno','N1',NULL,1,'2026-06-25 22:40:35',NULL,NULL),(45,'29109','Ramiro','Leiva','ramiro.leiva109@alumnos.frh.utn.edu.ar','$2y$10$ulp3HEWsH6wpESdvQQjhe.t0uBJ0nbKXtswXrF617Wj1AHsu0rPHy','alumno','M4',NULL,1,'2026-06-25 22:40:35',NULL,NULL),(46,'29110','Celeste','Acosta','celeste.acosta110@alumnos.frh.utn.edu.ar','$2y$10$UfBsJRJkx3AF2I2mpKMaEOyu8fcrIdRlS0BJKD34YtGtDLVHNPOfe','alumno','M3',NULL,1,'2026-06-25 22:40:35',NULL,NULL),(47,'29111','Diego','Herrera','diego.herrera111@alumnos.frh.utn.edu.ar','$2y$10$9wyHIU3H/kFKlBpvFNCCQewi4bXbG/.tfyF6Up3StUx2JY5AdkVfu','alumno','N3',NULL,1,'2026-06-25 22:40:35',NULL,NULL),(48,'29112','Valentina','Bravo','valentina.bravo112@alumnos.frh.utn.edu.ar','$2y$10$WbDCgnHaChXBWY3HDxVq9OcfC7.96Xep1C/NgSefw4ZciRhH.9AqS','alumno','N3',NULL,1,'2026-06-25 22:40:35',NULL,NULL),(49,'29113','Agustina','Leiva','agustina.leiva113@alumnos.frh.utn.edu.ar','$2y$10$ZUO/.ZXSeEjc.ZLP5tWZPujIiPz.kAUn/vb2SLHvGyBFmuT9N28.K','alumno','M3',NULL,1,'2026-06-25 22:40:36',NULL,NULL),(50,'29114','Federico','Herrera','federico.herrera114@alumnos.frh.utn.edu.ar','$2y$10$gK2SXITAM643e6YwOBeWhe907HJnbyh3Tsyaw4ZCwyFsNOMZ1/Rp6','alumno','M1B',NULL,1,'2026-06-25 22:40:36',NULL,NULL),(51,'29115','Ignacio','Bravo','ignacio.bravo115@alumnos.frh.utn.edu.ar','$2y$10$bNhiFe3CRtYoe087mrr1xe/ds657cghC7q7OfSaiFZMWPCJaYDqIW','alumno','M2',NULL,1,'2026-06-25 22:40:36',NULL,NULL),(52,'29116','Sofía','Pérez','sofia.perez116@alumnos.frh.utn.edu.ar','$2y$10$FCYPktau8P8mZaOjerU2oOj/sdkWBHOyQdvfFqEAI4T1soODp0Hn6','alumno','M3',NULL,1,'2026-06-25 22:40:36',NULL,NULL),(53,'29117','Sofía','Ortiz','sofia.ortiz117@alumnos.frh.utn.edu.ar','$2y$10$UszifrVEa40IBNK3/e79wOeZdEEjblsBqKOo.rWG6E/2zmyg6bpFC','alumno','N3',NULL,1,'2026-06-25 22:40:36',NULL,NULL),(54,'29118','Paula','Aguirre','paula.aguirre118@alumnos.frh.utn.edu.ar','$2y$10$zy4iEaCnjFMV1zmtCEWyjuZCmQW7bvgfE0sMOYCBdWszfwnXpH8N.','alumno','M2',NULL,1,'2026-06-25 22:40:36',NULL,NULL),(55,'29119','Luciana','Núñez','luciana.nunez119@alumnos.frh.utn.edu.ar','$2y$10$/Mo97QXoscAcflpkXA8uXu91s1DV1ywpMK5JDqzCTgPeWXaAV7OYW','alumno','M3',NULL,1,'2026-06-25 22:40:36',NULL,NULL),(56,'29120','Romina','Romero','romina.romero120@alumnos.frh.utn.edu.ar','$2y$10$ON0VOghmpAS1VjqUYsh1k.KOBE8Y29/gvnnj1loc.hk8DS/.ispYe','alumno','M3',NULL,1,'2026-06-25 22:40:36',NULL,NULL),(57,'29121','Nicolás','Pereyra','nicolas.pereyra121@alumnos.frh.utn.edu.ar','$2y$10$rTpNiE/L8IrTy2p5xX9lieFo.7GTwrS6AgOH/GPUmqxEwuWFduSYy','alumno','M2',NULL,1,'2026-06-25 22:40:36',NULL,NULL),(58,'29122','Luisina','Ibáñez','luisina.ibanez122@alumnos.frh.utn.edu.ar','$2y$10$lSIY9acDwTMcIt0M2E.5jOHFw1ZmVxIoyw9CdgBXp5o2CoEeC4BIO','alumno','N3',NULL,1,'2026-06-25 22:40:36',NULL,NULL),(59,'29123','Maximiliano','Villalba','maximiliano.villalba123@alumnos.frh.utn.edu.ar','$2y$10$uClxZDiXuhRFxyk7g63ttuVXNAnuI/.Nw8okSlrHitxLGUnXx5kIW','alumno','M1B',NULL,1,'2026-06-25 22:40:36',NULL,NULL),(60,'29124','Demián','Rodríguez','demian.rodriguez124@alumnos.frh.utn.edu.ar','$2y$10$N9fvJoA/SSNV8GjR6oiXIeuZeM6ooacqSW41T6RN/u1gFF9LtZbnq','alumno','M1A',NULL,1,'2026-06-25 22:40:36',NULL,NULL),(61,'29125','Lorena','Acosta','lorena.acosta125@alumnos.frh.utn.edu.ar','$2y$10$vIw9ST1IjYa1c.a2mx9YnuX/HTgF5qk52GDsg2UoCGMpCDcbeiGGe','alumno','N3',NULL,1,'2026-06-25 22:40:37',NULL,NULL),(62,'29126','Julieta','Pérez','julieta.perez126@alumnos.frh.utn.edu.ar','$2y$10$Fc4q8kwMt/RxaAs1rZckc.fHXi5aD1xtlxQ/cG/.HcQYx3Ndta3Uy','alumno','N3',NULL,1,'2026-06-25 22:40:37',NULL,NULL),(63,'29127','Micaela','Sánchez','micaela.sanchez127@alumnos.frh.utn.edu.ar','$2y$10$wZ25newPoOzOLYWTkS3wf.A0vuztYHgbfJDTJ1HBIudPs118axV2e','alumno','M3',NULL,1,'2026-06-25 22:40:37',NULL,NULL),(64,'29128','Leandro','Navarro','leandro.navarro128@alumnos.frh.utn.edu.ar','$2y$10$lnNs3ook5NRwktD4w99b4.txgvITSvcOkY4ymhAaErBpRJ9DuPXQy','alumno','N1',NULL,1,'2026-06-25 22:40:37',NULL,NULL),(65,'29129','Maximiliano','Álvarez','maximiliano.alvarez129@alumnos.frh.utn.edu.ar','$2y$10$JLvmQNMQPNXNIiLWxmQT5.LMtjWKFankp5.NYPFG3uxTNagpuUB5G','alumno','M2',NULL,1,'2026-06-25 22:40:37',NULL,NULL),(66,'29130','Paula','Flores','paula.flores130@alumnos.frh.utn.edu.ar','$2y$10$WHLpSj3jtGHejPhrq3mEHOJybrcs57KW7dRBGUwgBsW1I2XMqrIjS','alumno','N1',NULL,1,'2026-06-25 22:40:37',NULL,NULL),(67,'29131','Leandro','Leiva','leandro.leiva131@alumnos.frh.utn.edu.ar','$2y$10$sPir7DtseiU8mkC0YvO0sOAJw3Nu3JptBWvOCJtiAcVEDuFCpja0W','alumno','N1',NULL,1,'2026-06-25 22:40:37',NULL,NULL),(68,'29132','Ramiro','Rodríguez','ramiro.rodriguez132@alumnos.frh.utn.edu.ar','$2y$10$2HKfKan6lK1tStQKuMDeauwzZn9Yi9lfp3K02fjFFVNHRQ/.95HMO','alumno','M4',NULL,1,'2026-06-25 22:40:37',NULL,NULL),(69,'29133','Luisina','Álvarez','luisina.alvarez133@alumnos.frh.utn.edu.ar','$2y$10$laPtT1Gsw9tH2AD1u2tpz.8OtxgwRzjCrN2n3.XYBN/qDtNCmggC2','alumno','M4',NULL,1,'2026-06-25 22:40:37',NULL,NULL),(70,'29134','Karina','Benítez','karina.benitez134@alumnos.frh.utn.edu.ar','$2y$10$a6XKI6AuRoXKEUu89JZc4enDMaH7JFmIvd8WvQWQunLuHdaJdSR6K','alumno','M1B',NULL,1,'2026-06-25 22:40:37',NULL,NULL),(71,'29135','Gustavo','Vargas','gustavo.vargas135@alumnos.frh.utn.edu.ar','$2y$10$BUgiaNbP7SaZGF8Tn0nBEem/diBgGxgJGawUYCCcvrvuRroGCSzYm','alumno','M2',NULL,1,'2026-06-25 22:40:37',NULL,NULL),(72,'29136','Luisina','Leiva','luisina.leiva136@alumnos.frh.utn.edu.ar','$2y$10$S0MiqN0kBJ8NH0dMlSw.fOq/IipbcQKQIgVndIu9q5.Zjx3RKt6.2','alumno','M4',NULL,1,'2026-06-25 22:40:38',NULL,NULL),(73,'29137','Micaela','Ponce','micaela.ponce137@alumnos.frh.utn.edu.ar','$2y$10$95Jwn0CEbEhn1OVoa/14i.HrkHol4eNwIRkpF8lQaHtl8i4OSbm5u','alumno','M2',NULL,1,'2026-06-25 22:40:38',NULL,NULL),(74,'29138','Sebastián','Quiroga','sebastian.quiroga138@alumnos.frh.utn.edu.ar','$2y$10$OOSUecIHl9FaZ/3G2qFmLOxSCJNMQbCTnDnWK9jT7HM4iYgIR1uPq','alumno','M1A',NULL,1,'2026-06-25 22:40:38',NULL,NULL),(75,'29139','Micaela','López','micaela.lopez139@alumnos.frh.utn.edu.ar','$2y$10$Eli3nkOOrjHXOOAlJqFC5uhBnX83boMdVOElim1LcKsq5j.RXVS4.','alumno','N3',NULL,1,'2026-06-25 22:40:38',NULL,NULL),(76,'29140','Antonella','Cabrera','antonella.cabrera140@alumnos.frh.utn.edu.ar','$2y$10$m2/mSXOYnfp2SHSR/oM38.5UTs5P10NM0zdGSy4yaqtT3.6.cbeay','alumno','M2',NULL,1,'2026-06-25 22:40:38',NULL,NULL),(77,'29141','Camila','Flores','camila.flores141@alumnos.frh.utn.edu.ar','$2y$10$vl0SOI80/UZzwxCtB1ms2OtYORid/OhmnXn8atFKGA.kMnWGQah8m','alumno','M4',NULL,1,'2026-06-25 22:40:38',NULL,NULL),(78,'29142','Demián','Suárez','demian.suarez142@alumnos.frh.utn.edu.ar','$2y$10$o7iEKPADQRS4Q0emEPd71ua5eJQXA.5WsZkX/oIYW4UGO23PnGMdS','alumno','M1B',NULL,1,'2026-06-25 22:40:38',NULL,NULL),(79,'29143','Ramiro','Gutiérrez','ramiro.gutierrez143@alumnos.frh.utn.edu.ar','$2y$10$uc5XDdzG4In7AbMVMzB5I.vHF01BCLhnM8yc6x96k7kdhfyco4L72','alumno','M3',NULL,1,'2026-06-25 22:40:38',NULL,NULL),(80,'29144','Ramiro','Navarro','ramiro.navarro144@alumnos.frh.utn.edu.ar','$2y$10$KPUwjNlUQ6rxHMA/zWmst.favYrH5mkHzkwDeZiwxFe77qfOtzuTi','alumno','M1B',NULL,1,'2026-06-25 22:40:38',NULL,NULL),(81,'29145','Rocío','Torres','rocio.torres145@alumnos.frh.utn.edu.ar','$2y$10$PrCpn6MUv5IHR8QoPgDSyujDXDSOqu3yhtdfizNySf6tIleo89FDK','alumno','M1B',NULL,1,'2026-06-25 22:40:38',NULL,NULL),(82,'29146','Ariel','Pereyra','ariel.pereyra146@alumnos.frh.utn.edu.ar','$2y$10$ALkC.acKH1.auFy1ZGyBEOTLI9DEqQl61lMmCN4f5vfPSedgoY12O','alumno','M4',NULL,1,'2026-06-25 22:40:38',NULL,NULL),(83,'29147','Rocío','Rojas','rocio.rojas147@alumnos.frh.utn.edu.ar','$2y$10$E2oyuAP/q6gtaqY.fX7Mp.DvpWa74z2OKiDHzoZBG2pbHDhIMbcGO','alumno','M4',NULL,1,'2026-06-25 22:40:39',NULL,NULL),(84,'29148','Marcos','Campos','marcos.campos148@alumnos.frh.utn.edu.ar','$2y$10$iTzM/Eu6t5YFgCMeBSOnS.4jP4K0QptnKxjbXC4/SWSOWSQX6JY2C','alumno','M3',NULL,1,'2026-06-25 22:40:39',NULL,NULL),(85,'29149','Maximiliano','Acosta','maximiliano.acosta149@alumnos.frh.utn.edu.ar','$2y$10$TbFYaSBUsvH6jcx9UfOiZOr2/vK1duAc6yxvsyPef5t8KGqLCTFLC','alumno','M1B',NULL,1,'2026-06-25 22:40:39',NULL,NULL),(86,'29150','Valeria','Gutiérrez','valeria.gutierrez150@alumnos.frh.utn.edu.ar','$2y$10$t6XPJItPswgsIDLQthEwUuPgr.ha6mrHFMFOya7nhGhHaXhx2NVny','alumno','M1A',NULL,1,'2026-06-25 22:40:39',NULL,NULL),(87,'29151','Noelia','Martínez','noelia.martinez151@alumnos.frh.utn.edu.ar','$2y$10$azlhi5WpKYreB2VeWhNDnuwFsNMIakBC.1BaonxVJuAQ3BGiT/PnS','alumno','N3',NULL,1,'2026-06-25 22:40:39',NULL,NULL),(88,'29152','Joaquín','Díaz','joaquin.diaz152@alumnos.frh.utn.edu.ar','$2y$10$GJVLY6RqVzuZ3Tf0TRpfNeY6UxJKrOTM77phksZH3Mcd.HkurkVLy','alumno','N1',NULL,1,'2026-06-25 22:40:39',NULL,NULL),(89,'29153','Agustina','Ponce','agustina.ponce153@alumnos.frh.utn.edu.ar','$2y$10$dHwy2qa0ZpkWi3.lIbUfqePIIuGu/bC9guvXfHkSajiWR35JnbUcO','alumno','M3',NULL,1,'2026-06-25 22:40:39',NULL,NULL),(90,'29154','Sabrina','Rodríguez','sabrina.rodriguez154@alumnos.frh.utn.edu.ar','$2y$10$Q41CbQUvNnVNM6GgF1eD6urfD6mJMhlseavualflV/xH0c1G/n2Bm','alumno','M3',NULL,1,'2026-06-25 22:40:39',NULL,NULL),(91,'29155','Daniela','Aguirre','daniela.aguirre155@alumnos.frh.utn.edu.ar','$2y$10$e7Rb8XJLG2yKPOVN0fQicudihydnpp0RrNF/g71d2Z.qFBMXA85dW','alumno','M3',NULL,1,'2026-06-25 22:40:39',NULL,NULL),(92,'29156','Adrián','Castro','adrian.castro156@alumnos.frh.utn.edu.ar','$2y$10$aYFrn.pawksnXVn8nw.LUeg71ASogr.ld7G0DXBEQt6HqCupTamP2','alumno','M4',NULL,1,'2026-06-25 22:40:39',NULL,NULL),(93,'29157','Valentina','Ponce','valentina.ponce157@alumnos.frh.utn.edu.ar','$2y$10$O10H.xOqO2RMHT1HI26W..T6L4iT/YXzZwE06ppLJpc8GSfS/y5IO','alumno','N1',NULL,1,'2026-06-25 22:40:39',NULL,NULL),(94,'29158','Joaquín','Ponce','joaquin.ponce158@alumnos.frh.utn.edu.ar','$2y$10$cjGdE6bgVxPjxW97Yrx0c.MTS10ZViNKHVHBAGQTrwtikU.bqz/Uu','alumno','M4',NULL,1,'2026-06-25 22:40:39',NULL,NULL),(95,'29159','Noelia','Herrera','noelia.herrera159@alumnos.frh.utn.edu.ar','$2y$10$Km.0.IK/gV4irkLXN8ZEAuR8Plcx9.3EfJ0zPVNtvXrQGNIRAwUvO','alumno','N3',NULL,1,'2026-06-25 22:40:40',NULL,NULL),(96,'29160','Ramiro','Morales','ramiro.morales160@alumnos.frh.utn.edu.ar','$2y$10$0y/s.kKLO1S8JbgEo.SYb.PXhyT9Jm9H/N6fBCk5juYDl1cVnZ5ke','alumno','M1A',NULL,1,'2026-06-25 22:40:40',NULL,NULL),(97,'29161','Julieta','Vega','julieta.vega161@alumnos.frh.utn.edu.ar','$2y$10$zCH0l/bBWLGR7G0K.LbzuOv8LJnQ6umnzeGypa2ci35h19NE0eqz6','alumno','M1B',NULL,1,'2026-06-25 22:40:40',NULL,NULL),(98,'29162','Gustavo','González','gustavo.gonzalez162@alumnos.frh.utn.edu.ar','$2y$10$caUAr7vmjJ6T27/nkNmPteoEWlr0WfuTYj51yMs6OlGzHOgUYrit.','alumno','N1',NULL,1,'2026-06-25 22:40:40',NULL,NULL),(99,'29163','Karina','Castro','karina.castro163@alumnos.frh.utn.edu.ar','$2y$10$v66gC8.XjNTEi91RZP/u6eb21NGLkVMcaCEa9vcd0AD9RyRB52jc2','alumno','M4',NULL,1,'2026-06-25 22:40:40',NULL,NULL),(100,'29164','Noelia','Ruiz','noelia.ruiz164@alumnos.frh.utn.edu.ar','$2y$10$5Nc0sJjjKW4i9Ka36wS9e.Bo51I9o.UlCNuluHmkoL/X7ALUC0EyC','alumno','M4',NULL,1,'2026-06-25 22:40:40',NULL,NULL),(101,'29165','Sofía','Paredes','sofia.paredes165@alumnos.frh.utn.edu.ar','$2y$10$2HkNCOGAWNcI22BXMJ3k9ehgVT3FZBWk6/lIW8fy2T78gIPJgK4.e','alumno','M2',NULL,1,'2026-06-25 22:40:40',NULL,NULL),(102,'29166','Luisina','Blanco','luisina.blanco166@alumnos.frh.utn.edu.ar','$2y$10$bf1DRHScQ1WJGc0x6li3UOL3xmGufPrG.IRGFAKieKP7nP.CR2iw2','alumno','M4',NULL,1,'2026-06-25 22:40:40',NULL,NULL),(103,'29167','Florencia','Díaz','florencia.diaz167@alumnos.frh.utn.edu.ar','$2y$10$b8O5iXTYgpuYaFfnR5t.S.wHIfDBOpcx/MKxU6/K1gjeFjv0INy3S','alumno','M2',NULL,1,'2026-06-25 22:40:40',NULL,NULL),(104,'29168','Noelia','Álvarez','noelia.alvarez168@alumnos.frh.utn.edu.ar','$2y$10$B4gkWQF/NrD8becAiUKSEuc0yq1s.BZF5xfIL6hr2OX21OPDMLKMS','alumno','M4',NULL,1,'2026-06-25 22:40:40',NULL,NULL),(105,'29169','Sebastián','Mendoza','sebastian.mendoza169@alumnos.frh.utn.edu.ar','$2y$10$V7umYwE64n76xvMsBWeeLelO0rUREUZlPsGiqNauPIJLLvYYCO6Cy','alumno','M1A',NULL,1,'2026-06-25 22:40:40',NULL,NULL),(106,'29170','Sabrina','Suárez','sabrina.suarez170@alumnos.frh.utn.edu.ar','$2y$10$1VSMzBctwGZhJ87DgYPpd.2fCKSCp22MNW7k76Na.u9JV1esnxEp2','alumno','M3',NULL,1,'2026-06-25 22:40:40',NULL,NULL),(107,'29171','Mateo','Romero','mateo.romero171@alumnos.frh.utn.edu.ar','$2y$10$8NfPFJuXWomgu1wK89cTse2RkQ9Kr62in7oGpqBcjYoPnvIcJ38DW','alumno','M2',NULL,1,'2026-06-25 22:40:41',NULL,NULL),(108,'29172','Rodrigo','Benítez','rodrigo.benitez172@alumnos.frh.utn.edu.ar','$2y$10$KzcjUJjsiNNBMqNdaR6oNOQfFGsrSdnXBbXoyO8vqLyKP65uwIkSC','alumno','M1A',NULL,1,'2026-06-25 22:40:41',NULL,NULL),(109,'29173','Ezequiel','Villalba','ezequiel.villalba173@alumnos.frh.utn.edu.ar','$2y$10$lfYRGrETqlkS0XeybKivduJrTMZWl1NgvDcJ/PSXxyuVSBA03LTuC','alumno','M1A',NULL,1,'2026-06-25 22:40:41',NULL,NULL),(110,'29174','Nicolás','Núñez','nicolas.nunez174@alumnos.frh.utn.edu.ar','$2y$10$75w.Lu41Xtc7XXOIwsi7g.W9alpPfrfY9aWJ7rDjouGD8AGjQwwzO','alumno','M3',NULL,1,'2026-06-25 22:40:41',NULL,NULL),(111,'29175','Camila','Bravo','camila.bravo175@alumnos.frh.utn.edu.ar','$2y$10$j0usDOO9VS8sTj.shf79CenXxZ.LZ.HWMW8vsYuRDP4XDQW.FF7W.','alumno','M4',NULL,1,'2026-06-25 22:40:41',NULL,NULL),(112,'29176','Sebastián','Torres','sebastian.torres176@alumnos.frh.utn.edu.ar','$2y$10$Zf6lbB0fcj03UpOandsujuXS7cxsszZaStfB77amqMBTK2Ty2clKW','alumno','M1B',NULL,1,'2026-06-25 22:40:41',NULL,NULL),(113,'29177','Lorena','Ramos','lorena.ramos177@alumnos.frh.utn.edu.ar','$2y$10$V9ZlQIANUCN99ecmQh3.Ne8IJGDrwYGwohD53PZV01DGDbIpKkzEG','alumno','M4',NULL,1,'2026-06-25 22:40:41',NULL,NULL),(114,'29178','Agustina','Castro','agustina.castro178@alumnos.frh.utn.edu.ar','$2y$10$QLnSGmepLw35fK5K4rjDs.4r2dRskhfA4d./dq8AimcFdewWQr4Hi','alumno','M4',NULL,1,'2026-06-25 22:40:41',NULL,NULL),(115,'29179','Sabrina','Vega','sabrina.vega179@alumnos.frh.utn.edu.ar','$2y$10$gvTpZg864uIEmP6kfhVvQuCoF6PsJ6ySoNFPzQ1TjP3.4KdUhSJMi','alumno','M1B',NULL,1,'2026-06-25 22:40:41',NULL,NULL),(116,'29180','Romina','Bravo','romina.bravo180@alumnos.frh.utn.edu.ar','$2y$10$9wZkBRDzuFmdA103aENeWuS.lHPS5q5UalZ3MV7ToH/66k8zhKKMu','alumno','N1',NULL,1,'2026-06-25 22:40:41',NULL,NULL),(117,'29181','Verónica','Ramírez','veronica.ramirez181@alumnos.frh.utn.edu.ar','$2y$10$ckWS/ThPz79TpU6wYU2UMu5A8op6DuQneehsAexAAax4cIDoaUY4i','alumno','N1',NULL,1,'2026-06-25 22:40:41',NULL,NULL),(118,'29182','Rodrigo','Cabrera','rodrigo.cabrera182@alumnos.frh.utn.edu.ar','$2y$10$Toy491LyUrc8m3gGOBzN5uXptVuTy675p.WuVi9dKKCsmjylssqpe','alumno','N1',NULL,1,'2026-06-25 22:40:41',NULL,NULL),(119,'29183','Ramiro','Silva','ramiro.silva183@alumnos.frh.utn.edu.ar','$2y$10$mtqUnimBdYlhBuHMhwiLduuTC3l/syy3HNf.eO4aVLhbpo5Qfl64C','alumno','M3',NULL,1,'2026-06-25 22:40:41',NULL,NULL),(120,'29184','Adrián','Molina','adrian.molina184@alumnos.frh.utn.edu.ar','$2y$10$5EwzDDECiGn80oYt0NC0U.0i./xSufu5Z5NSUoAd0DdoUaYLPRgSK','alumno','M1A',NULL,1,'2026-06-25 22:40:42',NULL,NULL),(121,'29185','Ezequiel','Acosta','ezequiel.acosta185@alumnos.frh.utn.edu.ar','$2y$10$.QjDYO5WUnHaiFIQRD3G6eXG3kaW7T5Dl.nIW056E68qf0WxPfpdy','alumno','M1A',NULL,1,'2026-06-25 22:40:42',NULL,NULL),(122,'29186','Federico','Fernández','federico.fernandez186@alumnos.frh.utn.edu.ar','$2y$10$chFrkuJD8ehYr02PUYD0.OmsOPl7RBxUPaBdE30QJemk8hUVHjhVC','alumno','M4',NULL,1,'2026-06-25 22:40:42',NULL,NULL),(123,'29187','Esteban','Acosta','esteban.acosta187@alumnos.frh.utn.edu.ar','$2y$10$qDmjvn8i8jRCwoNl32CubuiC9k1BJ7X0mKMtHQNchivTuupsIPW4O','alumno','M4',NULL,1,'2026-06-25 22:40:42',NULL,NULL),(124,'29188','Micaela','González','micaela.gonzalez188@alumnos.frh.utn.edu.ar','$2y$10$JyFGTNFOnPrGSRSWC9v6X.nShMC3R8lYmFsukF0Yir6KrD/I8gY5S','alumno','M1A',NULL,1,'2026-06-25 22:40:42',NULL,NULL),(125,'29189','Demián','Paredes','demian.paredes189@alumnos.frh.utn.edu.ar','$2y$10$BcLYEGY79g0y20NqwqDgge2tNcMCnAD8n17QHdPIuOfxjHsiPggki','alumno','M1A',NULL,1,'2026-06-25 22:40:42',NULL,NULL),(126,'29190','Micaela','Rodríguez','micaela.rodriguez190@alumnos.frh.utn.edu.ar','$2y$10$LPDI8uDTbV1bRsE6.Mnl6.N7xeGnvv8q3bmjPmrm1N62l9N6NDfd.','alumno','M1A',NULL,1,'2026-06-25 22:40:42',NULL,NULL),(127,'29191','Federico','Rodríguez','federico.rodriguez191@alumnos.frh.utn.edu.ar','$2y$10$1rVv3Tu4oCZ8.uE5yitro.SSyppZrKOcB1zBphvb5vIO5DiaqHjEG','alumno','M4',NULL,1,'2026-06-25 22:40:42',NULL,NULL),(128,'29192','Ezequiel','Herrera','ezequiel.herrera192@alumnos.frh.utn.edu.ar','$2y$10$fRC4WiYgvQKZs0fMt5bEyumhYBoHQlWtd2lHAPlsgWOjaPlyBiYZq','alumno','N1',NULL,1,'2026-06-25 22:40:42',NULL,NULL),(129,'29193','Cristian','Flores','cristian.flores193@alumnos.frh.utn.edu.ar','$2y$10$nwjMhPtSsRlIt7YaYNqJ9OMJafDV2KfnZrGO0EudWeo4ao8orHI4G','alumno','M4',NULL,1,'2026-06-25 22:40:42',NULL,NULL),(130,'29194','Martina','Núñez','martina.nunez194@alumnos.frh.utn.edu.ar','$2y$10$qS22Ei5ZmAkVm6zbjQRLpOmJKn2rXnTgCJpUjjp.EYuEr9xySW4bO','alumno','M4',NULL,1,'2026-06-25 22:40:42',NULL,NULL),(131,'29195','Yanina','Ramos','yanina.ramos195@alumnos.frh.utn.edu.ar','$2y$10$0XRS5Un7uweSF2bxev/WW.EdJnY3q5lU1RBByTklmlkDeQvXXyA..','alumno','M1B',NULL,1,'2026-06-25 22:40:42',NULL,NULL),(132,'29196','Brenda','Ríos','brenda.rios196@alumnos.frh.utn.edu.ar','$2y$10$at75HGOWgg3NT2hIDUjLmebf15NI3xW5HELN/nMgVuCBi/H9KeFGW','alumno','M1B',NULL,1,'2026-06-25 22:40:42',NULL,NULL),(133,'29197','Sofía','Sánchez','sofia.sanchez197@alumnos.frh.utn.edu.ar','$2y$10$YnaMTQrhI0sIdiOD/QLeneoYkuMNtQhCc8sfK/BEHXukbpkryqUry','alumno','N1',NULL,1,'2026-06-25 22:40:43',NULL,NULL),(134,'29198','Marcos','Ortiz','marcos.ortiz198@alumnos.frh.utn.edu.ar','$2y$10$dhtCd7LGLecnWkKQPveTcO3AmaO2DpatmMBa69QDOJmFi.NbVe6P2','alumno','M3',NULL,1,'2026-06-25 22:40:43',NULL,NULL),(135,'29199','Celeste','Navarro','celeste.navarro199@alumnos.frh.utn.edu.ar','$2y$10$EI991vjkZzicwq.s5Xw/NeMXdqeYRLd3UYybnJduKb8f/4xqwoBw6','alumno','N3',NULL,1,'2026-06-25 22:40:43',NULL,NULL),(136,'29200','Karina','Martínez','karina.martinez200@alumnos.frh.utn.edu.ar','$2y$10$yT7qLfA6zHrxvXSVpmBWoOi6KgihKNTG1eG09KZ97ZGfTuZqrMrES','alumno','N1',NULL,1,'2026-06-25 22:40:43',NULL,NULL),(137,'29201','Ramiro','Cáceres','ramiro.caceres201@alumnos.frh.utn.edu.ar','$2y$10$zcmSfC3K.DoWqW7aEyIDuuhCWPyacabvqBriJ80vKJPc54Xv5Nqw2','alumno','M1A',NULL,1,'2026-06-25 22:40:43',NULL,NULL),(138,'29202','Santiago','Cabrera','santiago.cabrera202@alumnos.frh.utn.edu.ar','$2y$10$cs7vaEID717YB7SHZcZs9eg8oLvsygq0zIk2E0I1ysKy57kL48zPK','alumno','N1',NULL,1,'2026-06-25 22:40:43',NULL,NULL),(139,'29203','Federico','Sánchez','federico.sanchez203@alumnos.frh.utn.edu.ar','$2y$10$rMl3OTamLH80cXAdqufrX.seIINYogJFX0rPkvtN0uTdxAgNIhxaa','alumno','M1B',NULL,1,'2026-06-25 22:40:43',NULL,NULL),(140,'29204','Florencia','Ramírez','florencia.ramirez204@alumnos.frh.utn.edu.ar','$2y$10$XN1Z.u4X19wBf9gn36fsDO1c5u1cZkNC/1KGpQAYDZZC82Y3KGN4u','alumno','M4',NULL,1,'2026-06-25 22:40:43',NULL,NULL),(141,'29205','Natalia','Torres','natalia.torres205@alumnos.frh.utn.edu.ar','$2y$10$q/NCMopWMeRyaVjEiz7hHejWy4RLNGceoRmLYMzZcGeEptBSydKe2','alumno','M3',NULL,1,'2026-06-25 22:40:43',NULL,NULL),(142,'29206','Facundo','Herrera','facundo.herrera206@alumnos.frh.utn.edu.ar','$2y$10$zrojGwSYrjFJY6WgdUUl9O/wpJ8b2aO/BeDqDmAdy5QsPs9UqPb1q','alumno','M3',NULL,1,'2026-06-25 22:40:43',NULL,NULL),(143,'29207','Ezequiel','Rodríguez','ezequiel.rodriguez207@alumnos.frh.utn.edu.ar','$2y$10$MApRwLknJdO7yMyI3QCta.cFz/fdNRJ02vOq2w/e.FRghhEx/u2ma','alumno','M3',NULL,1,'2026-06-25 22:40:43',NULL,NULL),(144,'29208','Esteban','Sánchez','esteban.sanchez208@alumnos.frh.utn.edu.ar','$2y$10$B2.TP5/eHIkwjVPkIMvUU.RUhNY06BTP76o0b3e5.JXrPg5cddBbe','alumno','M1A',NULL,1,'2026-06-25 22:40:44',NULL,NULL),(145,'29209','Ramiro','Gómez','ramiro.gomez209@alumnos.frh.utn.edu.ar','$2y$10$6y02BP.Zyx9bT6fY/jS/zOosN6OEtwCmWDgE7Npe8rPL9XPCc7fiO','alumno','N3',NULL,1,'2026-06-25 22:40:44',NULL,NULL),(146,'29210','Valentina','Pérez','valentina.perez210@alumnos.frh.utn.edu.ar','$2y$10$ZaLB.8moZkAdWB.VidE9GOcabUIcpmoCnQ/BNKv2JMMgwPn9TLWbu','alumno','N3',NULL,1,'2026-06-25 22:40:44',NULL,NULL),(147,'29211','Ezequiel','Álvarez','ezequiel.alvarez211@alumnos.frh.utn.edu.ar','$2y$10$p6lNYvWxIbb80GZwSOJIzuOCIxVXjdy.3eCHBjz4DnrYdc4PNAbpu','alumno','M3',NULL,1,'2026-06-25 22:40:44',NULL,NULL),(148,'29212','Cristian','Ramos','cristian.ramos212@alumnos.frh.utn.edu.ar','$2y$10$s9D7X524fwGp0iiszDE2Vuk/fWPLXh4z5kpXNubKjMWnwNC0pi/wu','alumno','M1B',NULL,1,'2026-06-25 22:40:44',NULL,NULL),(149,'29213','Hernán','Martínez','hernan.martinez213@alumnos.frh.utn.edu.ar','$2y$10$SRaaXOhKuejODTjASINxTOrz6OXCU0CPAijZKiuug5M8IkkX/gbrS','alumno','M1B',NULL,1,'2026-06-25 22:40:44',NULL,NULL),(150,'29214','Daniela','González','daniela.gonzalez214@alumnos.frh.utn.edu.ar','$2y$10$GQxDj2T0/mtqCvzpVyKj0ubwbw8gYwVly//l/B/poQubUzzKbOnae','alumno','M3',NULL,1,'2026-06-25 22:40:44',NULL,NULL),(151,'29215','Rocío','Navarro','rocio.navarro215@alumnos.frh.utn.edu.ar','$2y$10$1wO.AdRdolbtF36gndpGWOr.avxviujJg0NITDXfQrNVMc4Z7DM/y','alumno','M2',NULL,1,'2026-06-25 22:40:44',NULL,NULL),(152,'29216','Marcos','Leiva','marcos.leiva216@alumnos.frh.utn.edu.ar','$2y$10$Vm3V/wh59cRoJEkGIWsmYefBw14qUd2Kmlyx14dnQZqg25q7FV5Wy','alumno','N1',NULL,1,'2026-06-25 22:40:44',NULL,NULL),(153,'29217','Esteban','Luna','esteban.luna217@alumnos.frh.utn.edu.ar','$2y$10$Z0r4ErpnbO7gI.CjvBrXXuizwbzEX1u9jn.hYO3vahuD9xZ2kJtqa','alumno','N1',NULL,1,'2026-06-25 22:40:44',NULL,NULL),(154,'29218','Cristian','Díaz','cristian.diaz218@alumnos.frh.utn.edu.ar','$2y$10$xlshn8/6Abb8vbEDC1JPr.Aq/RgYvJWWLX82C32wsW75N6tTzdkkS','alumno','M1B',NULL,1,'2026-06-25 22:40:45',NULL,NULL),(155,'29219','Julieta','Flores','julieta.flores219@alumnos.frh.utn.edu.ar','$2y$10$NWYr00Mo3bSKyfxJLbhIC.U1YbsbLTjkjQXpvxg0XG6Cl7/Kj/DXO','alumno','M1A',NULL,1,'2026-06-25 22:40:45',NULL,NULL),(156,'29220','Diego','Rojas','diego.rojas220@alumnos.frh.utn.edu.ar','$2y$10$.HyoEK/C.M3cbTjua6AmO.vn1dfiMWwl.KEFr62fLl9QH/R20erFe','alumno','M4',NULL,1,'2026-06-25 22:40:45',NULL,NULL),(157,'29221','Santiago','Rojas','santiago.rojas221@alumnos.frh.utn.edu.ar','$2y$10$n6DfT0gSoDAV0WBqVta8jecqFdATwCQnMjCpSgRdxhezrms1l3pl6','alumno','M2',NULL,1,'2026-06-25 22:40:45',NULL,NULL),(158,'29222','Santiago','Martínez','santiago.martinez222@alumnos.frh.utn.edu.ar','$2y$10$8oDsaqaXKAnjpqKzJdy6PeQm9B3QHgmD0jkEPWhUt5/wTRXtySOni','alumno','M4',NULL,1,'2026-06-25 22:40:45',NULL,NULL),(159,'29223','Brenda','Blanco','brenda.blanco223@alumnos.frh.utn.edu.ar','$2y$10$6sBr1fuzIboWRZPdPhcUve2LSnS1/T3yd/NkYpdbMlYn7V2om40pu','alumno','N3',NULL,1,'2026-06-25 22:40:45',NULL,NULL),(160,'29224','Adrián','Álvarez','adrian.alvarez224@alumnos.frh.utn.edu.ar','$2y$10$U9ZP0URzWkWPboe49W5wEuF0CAs57yfIFBliL4cF8twrKW.6h5YYS','alumno','M1A',NULL,1,'2026-06-25 22:40:45',NULL,NULL),(161,'29225','Valeria','Pérez','valeria.perez225@alumnos.frh.utn.edu.ar','$2y$10$d2KPlLsPGUoqx0EXYR9aJuLgJ7VgYeehQLVuULeuucj5aNwb4EwOe','alumno','N3',NULL,1,'2026-06-25 22:40:45',NULL,NULL),(162,'29226','Facundo','Rodríguez','facundo.rodriguez226@alumnos.frh.utn.edu.ar','$2y$10$DLqrIHgx6GdWxelmubLSq.R6ol1dxa/Yx8EkC/RIm4BvYfbOVc78W','alumno','M4',NULL,1,'2026-06-25 22:40:45',NULL,NULL),(163,'29227','Camila','Ponce','camila.ponce227@alumnos.frh.utn.edu.ar','$2y$10$4v7FBaLCp0YaKwpniGts.O4AInvVZQ.tJtysL.qrbGG2X.0SzvxKm','alumno','N3',NULL,1,'2026-06-25 22:40:45',NULL,NULL),(164,'29228','Ezequiel','Cabrera','ezequiel.cabrera228@alumnos.frh.utn.edu.ar','$2y$10$8g2aDsUsOZz2fwlrTYb9.ugGWxOqeBd/kAqQLxg3hxxczgXlqxsje','alumno','M1A',NULL,1,'2026-06-25 22:40:45',NULL,NULL),(165,'29229','Yanina','Benítez','yanina.benitez229@alumnos.frh.utn.edu.ar','$2y$10$lLtAeo4y9jQydRdP4d3okOPiPmg42eKW.f8Rsh1vnSGZ2.qDJpw26','alumno','M4',NULL,1,'2026-06-25 22:40:46',NULL,NULL),(166,'29230','Sabrina','López','sabrina.lopez230@alumnos.frh.utn.edu.ar','$2y$10$X3mFbQJGPrW97pJ9/UugxObknVdoYS/kvADC5TcYsqy.Klmrk7Nt.','alumno','M4',NULL,1,'2026-06-25 22:40:46',NULL,NULL),(167,'29231','Nicolás','Ríos','nicolas.rios231@alumnos.frh.utn.edu.ar','$2y$10$2UIJsdiO3q.5Tk0vz6GPuuZtq5bI7Ama/P0yGIr1tFzP9ByjeJO1y','alumno','N1',NULL,1,'2026-06-25 22:40:46',NULL,NULL),(168,'29232','Diego','Villalba','diego.villalba232@alumnos.frh.utn.edu.ar','$2y$10$jpGz4QWSIouVwHZG7CEu/OSjG40oDMMbi39UUraNXs.pWKu42TulG','alumno','M4',NULL,1,'2026-06-25 22:40:46',NULL,NULL),(169,'29233','Antonella','Castro','antonella.castro233@alumnos.frh.utn.edu.ar','$2y$10$RaE1o7w4qNfDYXAsh1MslOH9BU9zsrC0Sv0uUnEtaRoespqkqRJe6','alumno','M1B',NULL,1,'2026-06-25 22:40:46',NULL,NULL),(170,'29234','Lorena','Montes','lorena.montes234@alumnos.frh.utn.edu.ar','$2y$10$ykd9J.1zIO7dB1AfzhFTjOcgSauJCAcCESfWKbOZKE12prYciPn2G','alumno','M2',NULL,1,'2026-06-25 22:40:46',NULL,NULL),(171,'29235','Ezequiel','Castro','ezequiel.castro235@alumnos.frh.utn.edu.ar','$2y$10$jBycgd/EUltI/sgLvv79au6fuyB2/ByKhUdrXF3Pw2yrm4k17FqES','alumno','M3',NULL,1,'2026-06-25 22:40:46',NULL,NULL),(172,'29236','Martina','Luna','martina.luna236@alumnos.frh.utn.edu.ar','$2y$10$7zOqK1nPLKD61GaMOix2uOwfYMfIDLbycrXntGtVlb6m1WgHmFCk6','alumno','N1',NULL,1,'2026-06-25 22:40:46',NULL,NULL),(173,'29237','Rodrigo','Navarro','rodrigo.navarro237@alumnos.frh.utn.edu.ar','$2y$10$mRPIkymbtjuqBgbiaWysCONlLzl5fZbOfyAI1sFTLk279mnWuNM1q','alumno','M2',NULL,1,'2026-06-25 22:40:46',NULL,NULL),(174,'29238','Noelia','Rodríguez','noelia.rodriguez238@alumnos.frh.utn.edu.ar','$2y$10$jN3pAifAi5qYg0ighjN0L.wD57vtBF5/nHTNqd.AJNMR41x.Z6s9q','alumno','M1A',NULL,1,'2026-06-25 22:40:46',NULL,NULL),(175,'29239','Gustavo','Ibáñez','gustavo.ibanez239@alumnos.frh.utn.edu.ar','$2y$10$/1PRRu9RuVXQsn2kr7sGAu19haGIWwNIaZ13nlDJBl9n3tOAa8ELW','alumno','M4',NULL,1,'2026-06-25 22:40:47',NULL,NULL),(176,'29240','Sofía','Rodríguez','sofia.rodriguez240@alumnos.frh.utn.edu.ar','$2y$10$DayDSSKrd2PrxqlePXEKMORtOqWJ8xx0H6nrL0OUSGFdFwKqj/kNi','alumno','M4',NULL,1,'2026-06-25 22:40:47',NULL,NULL),(177,'29241','Ignacio','Blanco','ignacio.blanco241@alumnos.frh.utn.edu.ar','$2y$10$W7P3EFHyA6ULm./qiXV.ee87AkbW/ZQh3IXQJHJpvzG6YU4ow1YD.','alumno','M2',NULL,1,'2026-06-25 22:40:47',NULL,NULL),(178,'29242','Martina','Ortiz','martina.ortiz242@alumnos.frh.utn.edu.ar','$2y$10$yZo7yQiqUCbAY6GUtNxhz.5VlzIodGL5893UrUIY3FVUARtgmgJPG','alumno','M1A',NULL,1,'2026-06-25 22:40:47',NULL,NULL),(179,'29243','Ezequiel','Silva','ezequiel.silva243@alumnos.frh.utn.edu.ar','$2y$10$IuihryBqAzMhsu4UJgG5oe5PQIAn.vXTqpZDJ5t55odRvFMDbE3AO','alumno','M2',NULL,1,'2026-06-25 22:40:47',NULL,NULL),(180,'29244','Agustina','Molina','agustina.molina244@alumnos.frh.utn.edu.ar','$2y$10$DX9duEW.ltioH3ZDwvF4COQAJlUwTG6wEmgWs.qhVeMZ8Z.zUWXDq','alumno','N3',NULL,1,'2026-06-25 22:40:47',NULL,NULL),(181,'29245','Romina','Montes','romina.montes245@alumnos.frh.utn.edu.ar','$2y$10$89f4W3sqG5reylyrn9cpo.Ne8ZA2EgaxmB2qlzvocie4Luiogswbu','alumno','M2',NULL,1,'2026-06-25 22:40:47',NULL,NULL),(182,'29246','Alejandro','Cáceres','alejandro.caceres246@alumnos.frh.utn.edu.ar','$2y$10$xd.VfLzJQX94Pm5wFEzJPORDJh5tvaqaS1pMWT0JSV8OhXe9WY23y','alumno','M4',NULL,1,'2026-06-25 22:40:47',NULL,NULL),(183,'29247','Valentina','Luna','valentina.luna247@alumnos.frh.utn.edu.ar','$2y$10$uy7.ZxuqEYjIAFH961dReemDP8YYRJ9ae1NdZ2GpWcRhmXHjDnji.','alumno','N3',NULL,1,'2026-06-25 22:40:47',NULL,NULL),(184,'29248','Esteban','Giménez','esteban.gimenez248@alumnos.frh.utn.edu.ar','$2y$10$1QHXUk4nP.C7udcX8i0fEueNsB30zeMtd5ToKZw/oKu/XJ6IDH7OW','alumno','N1',NULL,1,'2026-06-25 22:40:47',NULL,NULL),(185,'29249','Sofía','Torres','sofia.torres249@alumnos.frh.utn.edu.ar','$2y$10$YGV0YjIpC15jUcmEWYaRqe00H2bVJOvnRL3xrDivOUT1xEVboDimu','alumno','M2',NULL,1,'2026-06-25 22:40:48',NULL,NULL),(186,'29250','Joaquín','Sánchez','joaquin.sanchez250@alumnos.frh.utn.edu.ar','$2y$10$oJr4.J6KRcbKSFSV3bqM9urGWuRgW8QxniF.jqhWTJ7ra/01dFaoW','alumno','N1',NULL,1,'2026-06-25 22:40:48',NULL,NULL),(187,'29251','Esteban','Díaz','esteban.diaz251@alumnos.frh.utn.edu.ar','$2y$10$B5eIABlh750h/gbSQLF9hOGModndsOAld1hjwfeGJf2c9KyPHOhAu','alumno','M2',NULL,1,'2026-06-25 22:40:48',NULL,NULL),(188,'29252','Julieta','Aguirre','julieta.aguirre252@alumnos.frh.utn.edu.ar','$2y$10$zKlBf/YqF3PrdoqgqVUwsuwDDKMWd/WieOQgTklipy61HsHnc7nBy','alumno','M1B',NULL,1,'2026-06-25 22:40:48',NULL,NULL),(189,'29253','Demián','Morales','demian.morales253@alumnos.frh.utn.edu.ar','$2y$10$M.VZ8hxZbbGk.OgmwGHHlejCjQfGOvtzCNkTl0Sa7rh1lNwj6UU6u','alumno','M1B',NULL,1,'2026-06-25 22:40:48',NULL,NULL),(190,'29254','Mauricio','Paredes','mauricio.paredes254@alumnos.frh.utn.edu.ar','$2y$10$LgamkAdS/JjLWDaj4rAEu.cdS8lSORJfDLyZuvewtMK//VEZ9P0om','alumno','N3',NULL,1,'2026-06-25 22:40:48',NULL,NULL),(191,'29255','Rocío','Blanco','rocio.blanco255@alumnos.frh.utn.edu.ar','$2y$10$xCXLl72S9.Uhsr.VrO3ndekre6l1ykhSqi73gn/RiPPW1GlUPYdou','alumno','M3',NULL,1,'2026-06-25 22:40:48',NULL,NULL),(192,'29256','Rocío','Martínez','rocio.martinez256@alumnos.frh.utn.edu.ar','$2y$10$zFsxTZOeflQS7GU0wzKlO.SDHL62F1as1eXX9UtPIDREhHwhK4b/K','alumno','M1A',NULL,1,'2026-06-25 22:40:48',NULL,NULL),(193,'29257','Luisina','Vega','luisina.vega257@alumnos.frh.utn.edu.ar','$2y$10$JwFLyJ5FjHwGee9Urkf9.eLaegmiXnbqVQ361f/U7qxJAIkeZ65yi','alumno','N3',NULL,1,'2026-06-25 22:40:48',NULL,NULL),(194,'29258','Leandro','López','leandro.lopez258@alumnos.frh.utn.edu.ar','$2y$10$59VRUE1Ni6yiaIZXiLIqZuxEsuLv7/C1APOp4VkH8ZIcO4ZJ8/WN6','alumno','M1A',NULL,1,'2026-06-25 22:40:48',NULL,NULL),(195,'29259','Federico','Quiroga','federico.quiroga259@alumnos.frh.utn.edu.ar','$2y$10$yKM9923IFjVtsznIqu/.xuN5O1uN2Vkt7ySuNEkCuPLuO8zuZ.HSm','alumno','M1B',NULL,1,'2026-06-25 22:40:48',NULL,NULL),(196,'29260','Luisina','Castro','luisina.castro260@alumnos.frh.utn.edu.ar','$2y$10$RcaiJWvN0W6DePtkxUiqJuxt0Vx8Cmn4MkExsKx3AVQMNm5U8q1/q','alumno','M1B',NULL,1,'2026-06-25 22:40:49',NULL,NULL),(197,'29261','Ariel','Molina','ariel.molina261@alumnos.frh.utn.edu.ar','$2y$10$O0nIH63AM7nqiLNyg0oASesBPpJifxC3/PqiVD9U3LGcXt0jjioXa','alumno','M4',NULL,1,'2026-06-25 22:40:49',NULL,NULL),(198,'29262','Demián','Vega','demian.vega262@alumnos.frh.utn.edu.ar','$2y$10$YgEgzpk4y.GYW1P6CV5zEOLiqtRtImI.UiMNR.4enbx/arotLCd0a','alumno','M4',NULL,1,'2026-06-25 22:40:49',NULL,NULL),(199,'29263','Valentina','Romero','valentina.romero263@alumnos.frh.utn.edu.ar','$2y$10$43I7ObB9v08SxXtUvJLnc.vot2Mn5MVlaISg4M85sNHwEPmVv8xea','alumno','M1A',NULL,1,'2026-06-25 22:40:49',NULL,NULL),(200,'29264','Verónica','Díaz','veronica.diaz264@alumnos.frh.utn.edu.ar','$2y$10$0xzCfDXd/ZPhZuTbS60o/Ou691vrXd/BP2UP.yyzqKyCvHFakv8pq','alumno','M4',NULL,1,'2026-06-25 22:40:49',NULL,NULL),(201,'29265','Luciana','Silva','luciana.silva265@alumnos.frh.utn.edu.ar','$2y$10$sq9wEGY.0q5iCdPex2jhG.FiUUiOKGl.CYKarcTRj7tqDNG2NqIF6','alumno','M4',NULL,1,'2026-06-25 22:40:49',NULL,NULL),(202,'29266','Esteban','Díaz','esteban.diaz266@alumnos.frh.utn.edu.ar','$2y$10$CtovvtrP9J5qlQ9/uocDSeI5R0y5voIXhK0F8UTptk.E4AQm2QCdm','alumno','M3',NULL,1,'2026-06-25 22:40:49',NULL,NULL),(203,'29267','Martina','López','martina.lopez267@alumnos.frh.utn.edu.ar','$2y$10$UacUgI.s8ysyCwRJVojUf.s9Wt/00dzTP3PPQ9OT50abHyUDKFQeC','alumno','M2',NULL,1,'2026-06-25 22:40:49',NULL,NULL),(204,'29268','Maximiliano','López','maximiliano.lopez268@alumnos.frh.utn.edu.ar','$2y$10$srDaQi3EpTRaWI6xJxCpq.QMw6p8Fu9ax8C1loNKaXXyhhmoCw.Se','alumno','M2',NULL,1,'2026-06-25 22:40:49',NULL,NULL),(205,'29269','Ignacio','Ponce','ignacio.ponce269@alumnos.frh.utn.edu.ar','$2y$10$Lif5Nd8PkBAxKpMSCvAVve58wwpkVuhvXFBwuNkKoNJaUDW75qjeq','alumno','M1B',NULL,1,'2026-06-25 22:40:49',NULL,NULL),(206,'29270','Lorena','Sánchez','lorena.sanchez270@alumnos.frh.utn.edu.ar','$2y$10$Pwycr8ruW5mnCl1VxFb8N.Y.ki.m02x/4KZfDk1v0YEZMmUFx0wiO','alumno','M2',NULL,1,'2026-06-25 22:40:49',NULL,NULL),(207,'29271','Sebastián','Pereyra','sebastian.pereyra271@alumnos.frh.utn.edu.ar','$2y$10$DQz75IGjCAPx8we9vKK3LO3ljTP0nzY4Wv.xr9muUBVpBJ7LJNrMm','alumno','N3',NULL,1,'2026-06-25 22:40:50',NULL,NULL),(208,'29272','Celeste','Ibáñez','celeste.ibanez272@alumnos.frh.utn.edu.ar','$2y$10$V06UYIYSF97.cANWsRnbAuahsXC9kTCmXjP3567ukRrAG6nfGlS.u','alumno','N1',NULL,1,'2026-06-25 22:40:50',NULL,NULL),(209,'29273','Tomás','Benítez','tomas.benitez273@alumnos.frh.utn.edu.ar','$2y$10$7pnYVt.iDAh1uoVppdPIGO39l.7PIgptnfj6NgVRcD751cg/KM8FK','alumno','N3',NULL,1,'2026-06-25 22:40:50',NULL,NULL),(210,'29274','Agustina','Ruiz','agustina.ruiz274@alumnos.frh.utn.edu.ar','$2y$10$FH8U8CRwgKIRB8bb7jq.fOLpphj6l8ZqyQ4JB484em6QI5O3KMJ4u','alumno','M3',NULL,1,'2026-06-25 22:40:50',NULL,NULL),(211,'29275','Mateo','Ruiz','mateo.ruiz275@alumnos.frh.utn.edu.ar','$2y$10$jnxKl2MwJCybSRahmgWqZO44n.wsNhUKbNHnVMRhyHozKHXS.CLSW','alumno','N1',NULL,1,'2026-06-25 22:40:50',NULL,NULL),(212,'29276','Federico','Ríos','federico.rios276@alumnos.frh.utn.edu.ar','$2y$10$4/8m259BJP1YatDJplW1iOIOlNHtgtEDuyxiwagqkrwb6Hg.Yifa.','alumno','N3',NULL,1,'2026-06-25 22:40:50',NULL,NULL),(213,'29277','Lorena','Rojas','lorena.rojas277@alumnos.frh.utn.edu.ar','$2y$10$uYgaUH3F14NbwOc7XWBXn.BVHZmK8o5Y79TjXD3HW3ne6wXE87zZu','alumno','N3',NULL,1,'2026-06-25 22:40:50',NULL,NULL),(214,'29278','Ezequiel','Herrera','ezequiel.herrera278@alumnos.frh.utn.edu.ar','$2y$10$8FvI4DFfToMIji50SoMM7uy0X1u7TCyGlCS2oe5QENz5Ggd4vgDOO','alumno','M1B',NULL,1,'2026-06-25 22:40:50',NULL,NULL),(215,'29279','Verónica','Sánchez','veronica.sanchez279@alumnos.frh.utn.edu.ar','$2y$10$G19BCj/uAqCTDSISZEzBO.g9gxBQbOKQHvWDKg6dfiSBSkVuXlogC','alumno','M3',NULL,1,'2026-06-25 22:40:50',NULL,NULL),(216,'29280','Luciana','Ramos','luciana.ramos280@alumnos.frh.utn.edu.ar','$2y$10$EtyAWlWHL66mQm5y2Zpjce6xj8GBucGi8.Qha2/RaYoC8S7GWXBwS','alumno','M1B',NULL,1,'2026-06-25 22:40:50',NULL,NULL),(217,'29281','Florencia','Navarro','florencia.navarro281@alumnos.frh.utn.edu.ar','$2y$10$EkHZ29yttuAks/YcQ0.E2OC8z4x0c6IglEfn8P/z7yGy3cPmb/k5W','alumno','M2',NULL,1,'2026-06-25 22:40:51',NULL,NULL),(218,'29282','Rodrigo','Acosta','rodrigo.acosta282@alumnos.frh.utn.edu.ar','$2y$10$NKZcYy1GoXjezRw2eNb/PedcA8qu0lyyBmP96eNIUSlR6AJo5MGqu','alumno','M1B',NULL,1,'2026-06-25 22:40:51',NULL,NULL),(219,'29283','Mateo','Luna','mateo.luna283@alumnos.frh.utn.edu.ar','$2y$10$i9jtiMAsJkTc4ObiOa7d/exlg6lzjFbaE37I639oYF7WX2myjoypC','alumno','M1B',NULL,1,'2026-06-25 22:40:51',NULL,NULL),(220,'29284','Hernán','Morales','hernan.morales284@alumnos.frh.utn.edu.ar','$2y$10$UfhPjyca77rGt8JI49yyruxF01AtYVme62n5/yZj92VrkvoqkR3ya','alumno','M2',NULL,1,'2026-06-25 22:40:51',NULL,NULL),(221,'29285','Camila','Quiroga','camila.quiroga285@alumnos.frh.utn.edu.ar','$2y$10$icVf5YDvtZHPJqgy466uwe01Z1XtaNh5vzNMMUUeG/TZF3qxryCke','alumno','M2',NULL,1,'2026-06-25 22:40:51',NULL,NULL),(222,'29286','Paula','Cáceres','paula.caceres286@alumnos.frh.utn.edu.ar','$2y$10$l6T4DrofMkSFBdl5Hp/OM.qmL7c59Df9IAntrbRIlYcAy4Mfn4ofK','alumno','M4',NULL,1,'2026-06-25 22:40:51',NULL,NULL),(223,'29287','Hernán','Ponce','hernan.ponce287@alumnos.frh.utn.edu.ar','$2y$10$0axZDkRLdcVygiCtGr0DCeDsYUSlDuA/39M0dYjkcVWoYBW97Hyyi','alumno','N3',NULL,1,'2026-06-25 22:40:51',NULL,NULL),(224,'29288','Romina','Morales','romina.morales288@alumnos.frh.utn.edu.ar','$2y$10$8BCAixWgoI9tKPHamqYcjeBvJ8IVh9EF6VBXLcbD09uZSPUNTCP2q','alumno','M1A',NULL,1,'2026-06-25 22:40:51',NULL,NULL),(225,'29289','Joaquín','Castro','joaquin.castro289@alumnos.frh.utn.edu.ar','$2y$10$ivOj4/b/K/DmjAIP804LO.LZib8BYARHps8AOC.PGh/W.KUgghPuy','alumno','M1B',NULL,1,'2026-06-25 22:40:51',NULL,NULL),(226,'29290','Diego','Castro','diego.castro290@alumnos.frh.utn.edu.ar','$2y$10$9CgaP7CH0p1xLkJYgbOfwuLUmjK44DasMq8y1.YqbhSKT1JklLela','alumno','M1A',NULL,1,'2026-06-25 22:40:51',NULL,NULL),(227,'29291','Sofía','Aguirre','sofia.aguirre291@alumnos.frh.utn.edu.ar','$2y$10$a8H4Di625YFwVLxZLdPr9u9GPBqwEm/UyYMKwNmreGl1waDDiPVKi','alumno','M3',NULL,1,'2026-06-25 22:40:52',NULL,NULL),(228,'29292','Paula','Núñez','paula.nunez292@alumnos.frh.utn.edu.ar','$2y$10$rhDLBXiXmz3ErrXf950KD.2pG/kH0WSN470KcXQymmEFB09b7a4P2','alumno','N3',NULL,1,'2026-06-25 22:40:52',NULL,NULL),(229,'29293','Antonella','Vega','antonella.vega293@alumnos.frh.utn.edu.ar','$2y$10$mC3IS9EOIyIo0yYtTTb8GegbH5z1Ahni.ixZTP9VBMM6kyIQyVJfy','alumno','M4',NULL,1,'2026-06-25 22:40:52',NULL,NULL),(230,'29294','Valeria','Romero','valeria.romero294@alumnos.frh.utn.edu.ar','$2y$10$RGwKnVowYuQkHu8NioU6Q.yMaXEg7NNbILv7nn/s.CQVwdoSmnbtu','alumno','M3',NULL,1,'2026-06-25 22:40:52',NULL,NULL),(231,'29295','Yanina','Ramírez','yanina.ramirez295@alumnos.frh.utn.edu.ar','$2y$10$.z1XWh.LKUQbp7KWgbW6CunQD41g66SrHviuXy2voFBThsaZdMEGK','alumno','M2',NULL,1,'2026-06-25 22:40:52',NULL,NULL),(232,'29296','Luciana','Montes','luciana.montes296@alumnos.frh.utn.edu.ar','$2y$10$/ElKO4pL6D5yHqemtK1oFO0I8Cap9A76gfZEAJOe3Y0nqFlKm9Qle','alumno','M3',NULL,1,'2026-06-25 22:40:52',NULL,NULL),(233,'29297','Valentina','Mendoza','valentina.mendoza297@alumnos.frh.utn.edu.ar','$2y$10$FZLvLC2yUyCjVxrsimOc2uldgLKB/O3.3s4WVf4Qxlz8rHAni4BIS','alumno','N3',NULL,1,'2026-06-25 22:40:52',NULL,NULL),(234,'29298','Romina','Ponce','romina.ponce298@alumnos.frh.utn.edu.ar','$2y$10$dy8XErNE.38mVTIVH5KqPeoGxTmVhcs5nxRMol.KcsIGn7rGoxwH6','alumno','N1',NULL,1,'2026-06-25 22:40:52',NULL,NULL),(235,'29299','Ariel','Rojas','ariel.rojas299@alumnos.frh.utn.edu.ar','$2y$10$VymjfruedYnbl94GMIjDSudDkBvuOtFlTywCaeHSBADK.C9R6.Ri.','alumno','N1',NULL,1,'2026-06-25 22:40:52',NULL,NULL),(236,'30851','Juan','Widmer','jwidmer851@alumnos.frh.utn.edu.ar','$2y$10$pL/zcU3mJV3Wkmf9tQeNwePwN9/M3oMWsub6U/NlzxseRlQmiiJi6','alumno','M4',NULL,1,'2026-06-26 11:57:09',NULL,NULL),(237,'30794','Facundo','Lucero','flucero794@alumnos.frh.utn.edu.ar','$2y$10$zCTvarQLyH.kPOdFFOo8pOOx5t201b17SEM8ZT6iRZkvFNj3EI0v2','alumno','M4',NULL,1,'2026-06-26 11:59:31',NULL,NULL),(238,'18001','Leila','Coronel','coronelleila@frh.utn.edu.ar','$2y$10$uOgbL1KR2bAszcKZzFpmZedaq5WhdQGFJi5pfuZEoYt1G5v/11kqW','profesor',NULL,NULL,1,'2026-06-27 14:29:34',NULL,NULL),(239,'18002','Pablo','Gambacorta','pablogambacorta@frh.utn.edu.ar','$2y$10$0MMiAOV.brbWTy5endefy.ujkidZCtITvcMRQ.i98G93BVcDKEw9W','profesor',NULL,NULL,1,'2026-06-27 14:30:27',NULL,NULL),(240,'18003','Ariel','Veron','arielveron@frh.utn.edu.ar','$2y$10$rV66XbNmHUK9EtYzfdXD6.vfM/vK49aSEp1llop.AKFzmmcZs1dZa','profesor',NULL,NULL,1,'2026-06-27 14:30:54',NULL,NULL),(241,'18004','Fidel','Santos','fidelsantos@frh.utn.edu.ar','$2y$10$sC98C5vOdwik3Zj1.q7vDevfqy/XfL5Flt0I/Khvmw9RzxNEeiP.y','profesor',NULL,NULL,1,'2026-06-27 14:31:39',NULL,NULL),(242,'18005','Mabel','Sharpe','sharpemabel@frh.utn.edu.ar','$2y$10$Go.88nG4NU5lzLopBRy0PutWrTSA9783f4RR60pawP966Z1IMvhuG','profesor',NULL,NULL,1,'2026-06-27 14:32:03',NULL,NULL),(244,'18006','Carolina','Suarez',NULL,'$2y$10$T3vfzAj1Yxgz61UQKcy/O.84MLurUTyWKTwxNmgbzTgUXEEIDSoxm','profesor',NULL,NULL,1,'2026-06-28 12:47:52',NULL,NULL),(245,'18007','Isabel','Marko',NULL,'$2y$10$a/BhnRu3RCX469tx9j4ygeyCtaGxUSJzxlyN2/Sg0HCM81ctVy7Km','profesor',NULL,NULL,1,'2026-06-28 12:48:23',NULL,NULL),(246,'18008','Gustavo','Salvadori',NULL,'$2y$10$/VL.KQ/OlUUBXmaTGSnUjOSJdZZHrTx6ugcngHo9rW5CFgwvFcJZ6','profesor',NULL,NULL,1,'2026-06-28 12:48:38',NULL,NULL),(247,'18009','Nancy','Rotchen',NULL,'$2y$10$wKJ3q5zy2BlZBifatlU45eqbuaqpqc2WbEnRFdnQCdpNBkJxZ3Osa','profesor',NULL,NULL,1,'2026-06-28 12:52:46',NULL,NULL),(248,'18010','Vilma','Giúdice',NULL,'$2y$10$IR25zpHaFii.rNIoAffKkunYu7Q8o6Nc5QbEiWc0Q6MMVfgQa43hS','profesor',NULL,NULL,1,'2026-06-28 12:53:54',NULL,NULL),(249,'18011','Osvaldo','Cantone',NULL,'$2y$10$4QBmDGQF9wQKPMT7uAoSauU60zVAe1tPOxfzL7zzm/o3o3wT8vlPW','profesor',NULL,NULL,1,'2026-06-28 12:54:14',NULL,NULL),(250,'18012','Virginia','Vallina',NULL,'$2y$10$iFme342TxLaiKWDe.wbfNepCim16oRSrBHWw/CzK314JAUt52DH..','profesor',NULL,NULL,1,'2026-06-28 12:54:38',NULL,NULL),(251,'18013','Andrea','Vera',NULL,'$2y$10$69x9LNDwmXiHQQ9cILFHVukj0pl460LQTZfv9OpvrFmx0td7emPXK','profesor',NULL,NULL,1,'2026-06-28 12:55:05',NULL,NULL),(252,'18014','Mariano','Ingerto',NULL,'$2y$10$RUsJzUf3Eji0.zbeClhVyO5/PWkQDnyg4b9Z1EEyqvBs0uMhHj0hG','profesor',NULL,NULL,1,'2026-06-28 12:55:22',NULL,NULL),(253,'18015','Natalia','Puntorero',NULL,'$2y$10$3fmw8hzJx10EvN1D5DwffuGsIKHagudlPpq/yMnodK/jyUSVW9tkO','profesor',NULL,NULL,1,'2026-06-28 12:55:43',NULL,NULL),(254,'18016','Mateo','Serrano',NULL,'$2y$10$FJcG5diyaLfccROnPoNtcePTeYM2SRorsu.97d975aBPiYCpFttMe','profesor',NULL,NULL,1,'2026-06-28 12:55:58',NULL,NULL),(255,'18017','Graciela','D\'Agostino',NULL,'$2y$10$HiAtVt/mPhWHEge/t3eKNeDuMFUtY8ysUtsks.i5jn0xf8cgZsMhy','profesor',NULL,NULL,1,'2026-06-28 12:56:13',NULL,NULL),(256,'18018','Alicia','Salvador',NULL,'$2y$10$FZdYg4BFwHGeelitQFQOV.unlPBK49T3HKtnuz5QrZw4jIwcJfnZq','profesor',NULL,NULL,1,'2026-06-28 12:56:27',NULL,NULL);
/*!40000 ALTER TABLE `usuarios` ENABLE KEYS */;
UNLOCK TABLES;
DROP TABLE IF EXISTS `v_alumnos_en_riesgo`;
/*!50001 DROP VIEW IF EXISTS `v_alumnos_en_riesgo`*/;
SET @saved_cs_client     = @@character_set_client;
SET character_set_client = utf8;
/*!50001 CREATE VIEW `v_alumnos_en_riesgo` AS SELECT
 1 AS `alumno_id`,
  1 AS `nombre`,
  1 AS `apellido`,
  1 AS `legajo`,
  1 AS `curso`,
  1 AS `materia_id`,
  1 AS `materia`,
  1 AS `total_clases`,
  1 AS `clases_presentes`,
  1 AS `porcentaje` */;
SET character_set_client = @saved_cs_client;
DROP TABLE IF EXISTS `v_asistencia_por_materia`;
/*!50001 DROP VIEW IF EXISTS `v_asistencia_por_materia`*/;
SET @saved_cs_client     = @@character_set_client;
SET character_set_client = utf8;
/*!50001 CREATE VIEW `v_asistencia_por_materia` AS SELECT
 1 AS `alumno_id`,
  1 AS `nombre`,
  1 AS `apellido`,
  1 AS `legajo`,
  1 AS `curso`,
  1 AS `materia_id`,
  1 AS `materia`,
  1 AS `total_clases`,
  1 AS `clases_presentes`,
  1 AS `porcentaje` */;
SET character_set_client = @saved_cs_client;
DROP TABLE IF EXISTS `v_resumen_clases`;
/*!50001 DROP VIEW IF EXISTS `v_resumen_clases`*/;
SET @saved_cs_client     = @@character_set_client;
SET character_set_client = utf8;
/*!50001 CREATE VIEW `v_resumen_clases` AS SELECT
 1 AS `clase_id`,
  1 AS `materia`,
  1 AS `codigo`,
  1 AS `curso`,
  1 AS `profesor`,
  1 AS `fecha`,
  1 AS `hora_inicio`,
  1 AS `duracion_min`,
  1 AS `aula`,
  1 AS `modalidad`,
  1 AS `estado`,
  1 AS `total_alumnos`,
  1 AS `presentes`,
  1 AS `ausentes`,
  1 AS `porcentaje` */;
SET character_set_client = @saved_cs_client;
/*!50001 DROP VIEW IF EXISTS `v_alumnos_en_riesgo`*/;
/*!50001 SET @saved_cs_client          = @@character_set_client */;
/*!50001 SET @saved_cs_results         = @@character_set_results */;
/*!50001 SET @saved_col_connection     = @@collation_connection */;
/*!50001 SET character_set_client      = utf8mb4 */;
/*!50001 SET character_set_results     = utf8mb4 */;
/*!50001 SET collation_connection      = utf8mb4_general_ci */;
/*!50001 CREATE ALGORITHM=UNDEFINED */
/*!50013 DEFINER=`root`@`localhost` SQL SECURITY DEFINER */
/*!50001 VIEW `v_alumnos_en_riesgo` AS select `v_asistencia_por_materia`.`alumno_id` AS `alumno_id`,`v_asistencia_por_materia`.`nombre` AS `nombre`,`v_asistencia_por_materia`.`apellido` AS `apellido`,`v_asistencia_por_materia`.`legajo` AS `legajo`,`v_asistencia_por_materia`.`curso` AS `curso`,`v_asistencia_por_materia`.`materia_id` AS `materia_id`,`v_asistencia_por_materia`.`materia` AS `materia`,`v_asistencia_por_materia`.`total_clases` AS `total_clases`,`v_asistencia_por_materia`.`clases_presentes` AS `clases_presentes`,`v_asistencia_por_materia`.`porcentaje` AS `porcentaje` from `v_asistencia_por_materia` where `v_asistencia_por_materia`.`porcentaje` < 75 or `v_asistencia_por_materia`.`porcentaje` is null */;
/*!50001 SET character_set_client      = @saved_cs_client */;
/*!50001 SET character_set_results     = @saved_cs_results */;
/*!50001 SET collation_connection      = @saved_col_connection */;
/*!50001 DROP VIEW IF EXISTS `v_asistencia_por_materia`*/;
/*!50001 SET @saved_cs_client          = @@character_set_client */;
/*!50001 SET @saved_cs_results         = @@character_set_results */;
/*!50001 SET @saved_col_connection     = @@collation_connection */;
/*!50001 SET character_set_client      = utf8mb4 */;
/*!50001 SET character_set_results     = utf8mb4 */;
/*!50001 SET collation_connection      = utf8mb4_general_ci */;
/*!50001 CREATE ALGORITHM=UNDEFINED */
/*!50013 DEFINER=`root`@`localhost` SQL SECURITY DEFINER */
/*!50001 VIEW `v_asistencia_por_materia` AS select `i`.`alumno_id` AS `alumno_id`,`u`.`nombre` AS `nombre`,`u`.`apellido` AS `apellido`,`u`.`legajo` AS `legajo`,`u`.`curso` AS `curso`,`m`.`id` AS `materia_id`,`m`.`nombre` AS `materia`,count(`c`.`id`) AS `total_clases`,sum(`a`.`estado` in ('presente','tardanza')) AS `clases_presentes`,round(sum(`a`.`estado` in ('presente','tardanza')) / nullif(count(`c`.`id`),0) * 100,1) AS `porcentaje` from ((((`inscripciones` `i` join `usuarios` `u` on(`u`.`id` = `i`.`alumno_id`)) join `materias` `m` on(`m`.`id` = `i`.`materia_id`)) join `clases` `c` on(`c`.`materia_id` = `m`.`id` and `c`.`estado` = 'finalizada')) left join `asistencias` `a` on(`a`.`alumno_id` = `i`.`alumno_id` and `a`.`clase_id` = `c`.`id`)) group by `i`.`alumno_id`,`m`.`id` */;
/*!50001 SET character_set_client      = @saved_cs_client */;
/*!50001 SET character_set_results     = @saved_cs_results */;
/*!50001 SET collation_connection      = @saved_col_connection */;
/*!50001 DROP VIEW IF EXISTS `v_resumen_clases`*/;
/*!50001 SET @saved_cs_client          = @@character_set_client */;
/*!50001 SET @saved_cs_results         = @@character_set_results */;
/*!50001 SET @saved_col_connection     = @@collation_connection */;
/*!50001 SET character_set_client      = utf8mb4 */;
/*!50001 SET character_set_results     = utf8mb4 */;
/*!50001 SET collation_connection      = utf8mb4_general_ci */;
/*!50001 CREATE ALGORITHM=UNDEFINED */
/*!50013 DEFINER=`root`@`localhost` SQL SECURITY DEFINER */
/*!50001 VIEW `v_resumen_clases` AS select `c`.`id` AS `clase_id`,`m`.`nombre` AS `materia`,`m`.`codigo` AS `codigo`,`m`.`curso` AS `curso`,concat(`u`.`nombre`,' ',`u`.`apellido`) AS `profesor`,`c`.`fecha` AS `fecha`,`c`.`hora_inicio` AS `hora_inicio`,`c`.`duracion_min` AS `duracion_min`,`c`.`aula` AS `aula`,`c`.`modalidad` AS `modalidad`,`c`.`estado` AS `estado`,count(distinct `i`.`alumno_id`) AS `total_alumnos`,sum(`a`.`estado` in ('presente','tardanza')) AS `presentes`,count(distinct `i`.`alumno_id`) - coalesce(sum(`a`.`estado` in ('presente','tardanza')),0) AS `ausentes`,round(sum(`a`.`estado` in ('presente','tardanza')) / nullif(count(distinct `i`.`alumno_id`),0) * 100,1) AS `porcentaje` from ((((`clases` `c` join `materias` `m` on(`m`.`id` = `c`.`materia_id`)) left join `usuarios` `u` on(`u`.`id` = `m`.`profesor_id`)) left join `inscripciones` `i` on(`i`.`materia_id` = `m`.`id`)) left join `asistencias` `a` on(`a`.`clase_id` = `c`.`id` and `a`.`alumno_id` = `i`.`alumno_id`)) group by `c`.`id` */;
/*!50001 SET character_set_client      = @saved_cs_client */;
/*!50001 SET character_set_results     = @saved_cs_results */;
/*!50001 SET collation_connection      = @saved_col_connection */;
/*!40103 SET TIME_ZONE=@OLD_TIME_ZONE */;

/*!40101 SET SQL_MODE=@OLD_SQL_MODE */;
/*!40014 SET FOREIGN_KEY_CHECKS=@OLD_FOREIGN_KEY_CHECKS */;
/*!40014 SET UNIQUE_CHECKS=@OLD_UNIQUE_CHECKS */;
/*!40101 SET CHARACTER_SET_CLIENT=@OLD_CHARACTER_SET_CLIENT */;
/*!40101 SET CHARACTER_SET_RESULTS=@OLD_CHARACTER_SET_RESULTS */;
/*!40101 SET COLLATION_CONNECTION=@OLD_COLLATION_CONNECTION */;
/*!40111 SET SQL_NOTES=@OLD_SQL_NOTES */;

