-- MariaDB dump 10.19  Distrib 10.4.32-MariaDB, for Win64 (AMD64)
--
-- Host: localhost    Database: asistencia_qr
-- ------------------------------------------------------
-- Server version	10.4.32-MariaDB

/*!40101 SET @OLD_CHARACTER_SET_CLIENT=@@CHARACTER_SET_CLIENT */;
/*!40101 SET @OLD_CHARACTER_SET_RESULTS=@@CHARACTER_SET_RESULTS */;
/*!40101 SET @OLD_COLLATION_CONNECTION=@@COLLATION_CONNECTION */;
/*!40101 SET NAMES utf8mb4 */;
/*!40103 SET @OLD_TIME_ZONE=@@TIME_ZONE */;
/*!40103 SET TIME_ZONE='+00:00' */;
/*!40014 SET @OLD_UNIQUE_CHECKS=@@UNIQUE_CHECKS, UNIQUE_CHECKS=0 */;
/*!40014 SET @OLD_FOREIGN_KEY_CHECKS=@@FOREIGN_KEY_CHECKS, FOREIGN_KEY_CHECKS=0 */;
/*!40101 SET @OLD_SQL_MODE=@@SQL_MODE, SQL_MODE='NO_AUTO_VALUE_ON_ZERO' */;
/*!40111 SET @OLD_SQL_NOTES=@@SQL_NOTES, SQL_NOTES=0 */;

--
-- Table structure for table `asistencias`
--

DROP TABLE IF EXISTS `asistencias`;
/*!40101 SET @saved_cs_client     = @@character_set_client */;
/*!40101 SET character_set_client = utf8 */;
CREATE TABLE `asistencias` (
  `id` int(10) unsigned NOT NULL AUTO_INCREMENT,
  `alumno_id` int(10) unsigned NOT NULL,
  `clase_id` int(10) unsigned NOT NULL,
  `hora_entrada` time DEFAULT NULL,
  `hora_salida` time DEFAULT NULL,
  `estado` enum('presente','tardanza','ausente') NOT NULL DEFAULT 'ausente',
  `created_at` timestamp NOT NULL DEFAULT current_timestamp(),
  `updated_at` timestamp NOT NULL DEFAULT current_timestamp() ON UPDATE current_timestamp(),
  PRIMARY KEY (`id`),
  UNIQUE KEY `uq_asistencia` (`alumno_id`,`clase_id`),
  KEY `idx_asistencias_clase` (`clase_id`),
  KEY `idx_asistencias_alumno` (`alumno_id`),
  CONSTRAINT `asistencias_ibfk_1` FOREIGN KEY (`alumno_id`) REFERENCES `usuarios` (`id`) ON DELETE CASCADE,
  CONSTRAINT `asistencias_ibfk_2` FOREIGN KEY (`clase_id`) REFERENCES `clases` (`id`) ON DELETE CASCADE
) ENGINE=InnoDB AUTO_INCREMENT=13 DEFAULT CHARSET=utf8mb4 COLLATE=utf8mb4_general_ci;
/*!40101 SET character_set_client = @saved_cs_client */;

--
-- Dumping data for table `asistencias`
--

LOCK TABLES `asistencias` WRITE;
/*!40000 ALTER TABLE `asistencias` DISABLE KEYS */;
INSERT INTO `asistencias` VALUES (7,662,11,'10:35:20','12:24:19','tardanza','2026-07-07 06:20:58','2026-07-07 06:20:58'),(8,863,11,'10:36:08','12:01:16','tardanza','2026-07-07 06:20:58','2026-07-07 06:20:58'),(9,864,11,'10:34:46','12:21:46','tardanza','2026-07-07 06:20:58','2026-07-07 06:20:58'),(10,863,8,NULL,NULL,'presente','2026-07-07 15:00:33','2026-07-07 15:00:33'),(11,864,8,NULL,NULL,'presente','2026-07-07 15:00:33','2026-07-07 15:00:33'),(12,662,8,NULL,NULL,'presente','2026-07-07 15:00:33','2026-07-07 15:00:33');
/*!40000 ALTER TABLE `asistencias` ENABLE KEYS */;
UNLOCK TABLES;

--
-- Table structure for table `aulas`
--

DROP TABLE IF EXISTS `aulas`;
/*!40101 SET @saved_cs_client     = @@character_set_client */;
/*!40101 SET character_set_client = utf8 */;
CREATE TABLE `aulas` (
  `id` int(10) unsigned NOT NULL AUTO_INCREMENT,
  `nombre` varchar(100) NOT NULL,
  `token` varchar(64) NOT NULL,
  `activo` tinyint(1) NOT NULL DEFAULT 1,
  `created_at` timestamp NOT NULL DEFAULT current_timestamp(),
  PRIMARY KEY (`id`),
  UNIQUE KEY `token` (`token`)
) ENGINE=InnoDB AUTO_INCREMENT=9 DEFAULT CHARSET=utf8mb4 COLLATE=utf8mb4_unicode_ci;
/*!40101 SET character_set_client = @saved_cs_client */;

--
-- Dumping data for table `aulas`
--

LOCK TABLES `aulas` WRITE;
/*!40000 ALTER TABLE `aulas` DISABLE KEYS */;
INSERT INTO `aulas` VALUES (6,'Labotario 5','d993261697cc37718ce4709e7345aac3dc17543adc67c4d4c6d01e98c3355597',1,'2026-07-07 05:37:40');
/*!40000 ALTER TABLE `aulas` ENABLE KEYS */;
UNLOCK TABLES;

--
-- Table structure for table `clases`
--

DROP TABLE IF EXISTS `clases`;
/*!40101 SET @saved_cs_client     = @@character_set_client */;
/*!40101 SET character_set_client = utf8 */;
CREATE TABLE `clases` (
  `id` int(10) unsigned NOT NULL AUTO_INCREMENT,
  `materia_id` int(10) unsigned NOT NULL,
  `fecha` date NOT NULL,
  `hora_inicio` time NOT NULL,
  `duracion_min` smallint(5) unsigned NOT NULL DEFAULT 90,
  `aula` varchar(50) DEFAULT NULL,
  `modalidad` enum('presencial','virtual','hibrida') NOT NULL DEFAULT 'presencial',
  `estado` enum('pendiente','en_curso','finalizada','suspendida') NOT NULL DEFAULT 'pendiente',
  `created_at` timestamp NOT NULL DEFAULT current_timestamp(),
  PRIMARY KEY (`id`),
  KEY `idx_clases_fecha` (`fecha`),
  KEY `idx_clases_materia` (`materia_id`),
  KEY `idx_clases_estado` (`estado`),
  CONSTRAINT `clases_ibfk_1` FOREIGN KEY (`materia_id`) REFERENCES `materias` (`id`) ON DELETE CASCADE
) ENGINE=InnoDB AUTO_INCREMENT=14 DEFAULT CHARSET=utf8mb4 COLLATE=utf8mb4_general_ci;
/*!40101 SET character_set_client = @saved_cs_client */;

--
-- Dumping data for table `clases`
--

LOCK TABLES `clases` WRITE;
/*!40000 ALTER TABLE `clases` DISABLE KEYS */;
INSERT INTO `clases` VALUES (6,3,'2026-07-08','08:30:00',240,NULL,'presencial','pendiente','2026-07-07 05:36:56'),(7,3,'2026-07-13','08:30:00',240,NULL,'presencial','suspendida','2026-07-07 05:36:56'),(8,4,'2026-07-07','08:30:00',240,NULL,'presencial','finalizada','2026-07-07 06:07:02'),(9,4,'2026-07-08','08:30:00',240,NULL,'presencial','pendiente','2026-07-07 06:07:02'),(10,4,'2026-07-14','08:30:00',240,NULL,'presencial','pendiente','2026-07-07 06:07:02'),(11,6,'2026-07-07','08:30:00',240,NULL,'virtual','finalizada','2026-07-07 06:19:20');
/*!40000 ALTER TABLE `clases` ENABLE KEYS */;
UNLOCK TABLES;

--
-- Table structure for table `configuracion`
--

DROP TABLE IF EXISTS `configuracion`;
/*!40101 SET @saved_cs_client     = @@character_set_client */;
/*!40101 SET character_set_client = utf8 */;
CREATE TABLE `configuracion` (
  `clave` varchar(60) NOT NULL,
  `valor` varchar(255) NOT NULL,
  PRIMARY KEY (`clave`)
) ENGINE=InnoDB DEFAULT CHARSET=utf8mb4 COLLATE=utf8mb4_general_ci;
/*!40101 SET character_set_client = @saved_cs_client */;

--
-- Dumping data for table `configuracion`
--

LOCK TABLES `configuracion` WRITE;
/*!40000 ALTER TABLE `configuracion` DISABLE KEYS */;
INSERT INTO `configuracion` VALUES ('nombre_institucion','Instituto Técnico'),('notificaciones_activas','1'),('periodo_activo','2026-1'),('qr_rotacion_segundos','30'),('tolerancia_minutos','10');
/*!40000 ALTER TABLE `configuracion` ENABLE KEYS */;
UNLOCK TABLES;

--
-- Table structure for table `cursos`
--

DROP TABLE IF EXISTS `cursos`;
/*!40101 SET @saved_cs_client     = @@character_set_client */;
/*!40101 SET character_set_client = utf8 */;
CREATE TABLE `cursos` (
  `id` int(10) unsigned NOT NULL AUTO_INCREMENT,
  `nombre` varchar(20) NOT NULL,
  PRIMARY KEY (`id`),
  UNIQUE KEY `nombre` (`nombre`)
) ENGINE=InnoDB AUTO_INCREMENT=8 DEFAULT CHARSET=utf8mb4 COLLATE=utf8mb4_unicode_ci;
/*!40101 SET character_set_client = @saved_cs_client */;

--
-- Dumping data for table `cursos`
--

LOCK TABLES `cursos` WRITE;
/*!40000 ALTER TABLE `cursos` DISABLE KEYS */;
INSERT INTO `cursos` VALUES (1,'M1A'),(2,'M1B'),(3,'M2'),(4,'M3'),(5,'M4'),(6,'N1'),(7,'N3');
/*!40000 ALTER TABLE `cursos` ENABLE KEYS */;
UNLOCK TABLES;

--
-- Table structure for table `inscripciones`
--

DROP TABLE IF EXISTS `inscripciones`;
/*!40101 SET @saved_cs_client     = @@character_set_client */;
/*!40101 SET character_set_client = utf8 */;
CREATE TABLE `inscripciones` (
  `id` int(10) unsigned NOT NULL AUTO_INCREMENT,
  `alumno_id` int(10) unsigned NOT NULL,
  `materia_id` int(10) unsigned NOT NULL,
  `created_at` timestamp NOT NULL DEFAULT current_timestamp(),
  PRIMARY KEY (`id`),
  UNIQUE KEY `uq_inscripcion` (`alumno_id`,`materia_id`),
  KEY `materia_id` (`materia_id`),
  CONSTRAINT `inscripciones_ibfk_1` FOREIGN KEY (`alumno_id`) REFERENCES `usuarios` (`id`) ON DELETE CASCADE,
  CONSTRAINT `inscripciones_ibfk_2` FOREIGN KEY (`materia_id`) REFERENCES `materias` (`id`) ON DELETE CASCADE
) ENGINE=InnoDB AUTO_INCREMENT=13 DEFAULT CHARSET=utf8mb4 COLLATE=utf8mb4_general_ci;
/*!40101 SET character_set_client = @saved_cs_client */;

--
-- Dumping data for table `inscripciones`
--

LOCK TABLES `inscripciones` WRITE;
/*!40000 ALTER TABLE `inscripciones` DISABLE KEYS */;
INSERT INTO `inscripciones` VALUES (1,662,3,'2026-07-07 05:47:16'),(4,662,4,'2026-07-07 06:09:26'),(6,864,4,'2026-07-07 06:09:35'),(7,863,4,'2026-07-07 06:09:35'),(8,662,5,'2026-07-07 06:17:57'),(9,864,5,'2026-07-07 06:17:57'),(10,863,5,'2026-07-07 06:17:57'),(11,863,6,'2026-07-07 06:19:35'),(12,662,6,'2026-07-07 06:19:39');
/*!40000 ALTER TABLE `inscripciones` ENABLE KEYS */;
UNLOCK TABLES;

--
-- Table structure for table `materia_horarios`
--

DROP TABLE IF EXISTS `materia_horarios`;
/*!40101 SET @saved_cs_client     = @@character_set_client */;
/*!40101 SET character_set_client = utf8 */;
CREATE TABLE `materia_horarios` (
  `id` int(10) unsigned NOT NULL AUTO_INCREMENT,
  `materia_id` int(10) unsigned NOT NULL,
  `dia_semana` tinyint(3) unsigned NOT NULL COMMENT '1=Lun 2=Mar 3=Mié 4=Jue 5=Vie 6=Sáb 7=Dom',
  `hora_inicio` time NOT NULL,
  `hora_fin` time NOT NULL,
  PRIMARY KEY (`id`),
  UNIQUE KEY `uq_materia_dia` (`materia_id`,`dia_semana`),
  CONSTRAINT `materia_horarios_ibfk_1` FOREIGN KEY (`materia_id`) REFERENCES `materias` (`id`) ON DELETE CASCADE
) ENGINE=InnoDB AUTO_INCREMENT=13 DEFAULT CHARSET=utf8mb4 COLLATE=utf8mb4_unicode_ci;
/*!40101 SET character_set_client = @saved_cs_client */;

--
-- Dumping data for table `materia_horarios`
--

LOCK TABLES `materia_horarios` WRITE;
/*!40000 ALTER TABLE `materia_horarios` DISABLE KEYS */;
INSERT INTO `materia_horarios` VALUES (5,3,1,'08:30:00','12:30:00'),(6,3,3,'08:30:00','12:30:00'),(7,4,2,'08:30:00','12:30:00'),(8,4,3,'08:30:00','12:30:00'),(9,5,4,'08:30:00','12:30:00'),(10,6,2,'08:30:00','12:30:00');
/*!40000 ALTER TABLE `materia_horarios` ENABLE KEYS */;
UNLOCK TABLES;

--
-- Table structure for table `materias`
--

DROP TABLE IF EXISTS `materias`;
/*!40101 SET @saved_cs_client     = @@character_set_client */;
/*!40101 SET character_set_client = utf8 */;
CREATE TABLE `materias` (
  `id` int(10) unsigned NOT NULL AUTO_INCREMENT,
  `nombre` varchar(150) NOT NULL,
  `codigo` varchar(30) NOT NULL,
  `curso` varchar(20) NOT NULL,
  `modalidad` enum('presencial','virtual','hibrida') NOT NULL DEFAULT 'presencial',
  `profesor_id` int(10) unsigned DEFAULT NULL,
  `activo` tinyint(1) NOT NULL DEFAULT 1,
  `created_at` timestamp NOT NULL DEFAULT current_timestamp(),
  `profesor_2_id` int(10) unsigned DEFAULT NULL,
  PRIMARY KEY (`id`),
  UNIQUE KEY `codigo` (`codigo`),
  KEY `profesor_id` (`profesor_id`),
  CONSTRAINT `materias_ibfk_1` FOREIGN KEY (`profesor_id`) REFERENCES `usuarios` (`id`) ON DELETE SET NULL
) ENGINE=InnoDB AUTO_INCREMENT=8 DEFAULT CHARSET=utf8mb4 COLLATE=utf8mb4_general_ci;
/*!40101 SET character_set_client = @saved_cs_client */;

--
-- Dumping data for table `materias`
--

LOCK TABLES `materias` WRITE;
/*!40000 ALTER TABLE `materias` DISABLE KEYS */;
INSERT INTO `materias` VALUES (3,'Programacion I','PROI','M1A','presencial',238,1,'2026-07-07 05:36:56',NULL),(4,'Programacion 2','PRO2','M1A','presencial',252,1,'2026-07-07 06:07:02',NULL),(5,'Programacion 3','PRO3','M1A','virtual',252,1,'2026-07-07 06:17:24',NULL),(6,'Programacion 4','PRO4','M1A','hibrida',238,1,'2026-07-07 06:19:20',NULL);
/*!40000 ALTER TABLE `materias` ENABLE KEYS */;
UNLOCK TABLES;

--
-- Table structure for table `qr_sesiones`
--

DROP TABLE IF EXISTS `qr_sesiones`;
/*!40101 SET @saved_cs_client     = @@character_set_client */;
/*!40101 SET character_set_client = utf8 */;
CREATE TABLE `qr_sesiones` (
  `id` int(10) unsigned NOT NULL AUTO_INCREMENT,
  `aula_id` int(10) unsigned NOT NULL,
  `clase_id` int(10) unsigned NOT NULL,
  `tipo` enum('entrada','salida') NOT NULL DEFAULT 'entrada',
  `profesor_id` int(10) unsigned NOT NULL,
  `activo` tinyint(1) NOT NULL DEFAULT 1,
  `activado_en` timestamp NOT NULL DEFAULT current_timestamp(),
  `expira_en` timestamp NULL DEFAULT NULL,
  PRIMARY KEY (`id`),
  KEY `idx_aula_activo` (`aula_id`,`activo`),
  KEY `idx_clase` (`clase_id`)
) ENGINE=InnoDB AUTO_INCREMENT=3 DEFAULT CHARSET=utf8mb4 COLLATE=utf8mb4_unicode_ci;
/*!40101 SET character_set_client = @saved_cs_client */;

--
-- Dumping data for table `qr_sesiones`
--

LOCK TABLES `qr_sesiones` WRITE;
/*!40000 ALTER TABLE `qr_sesiones` DISABLE KEYS */;
INSERT INTO `qr_sesiones` VALUES (1,6,8,'entrada',252,0,'2026-07-07 06:13:15',NULL),(2,6,8,'salida',252,0,'2026-07-07 06:13:46','2026-07-07 06:28:46');
/*!40000 ALTER TABLE `qr_sesiones` ENABLE KEYS */;
UNLOCK TABLES;

--
-- Table structure for table `qr_tokens`
--

DROP TABLE IF EXISTS `qr_tokens`;
/*!40101 SET @saved_cs_client     = @@character_set_client */;
/*!40101 SET character_set_client = utf8 */;
CREATE TABLE `qr_tokens` (
  `id` int(10) unsigned NOT NULL AUTO_INCREMENT,
  `clase_id` int(10) unsigned NOT NULL,
  `token` varchar(64) NOT NULL,
  `tipo` enum('entrada','salida') NOT NULL DEFAULT 'entrada',
  `expira_en` datetime NOT NULL,
  `activo` tinyint(1) NOT NULL DEFAULT 1,
  `created_at` timestamp NOT NULL DEFAULT current_timestamp(),
  PRIMARY KEY (`id`),
  KEY `clase_id` (`clase_id`),
  KEY `idx_token` (`token`),
  KEY `idx_expira` (`expira_en`),
  CONSTRAINT `qr_tokens_ibfk_1` FOREIGN KEY (`clase_id`) REFERENCES `clases` (`id`) ON DELETE CASCADE
) ENGINE=InnoDB DEFAULT CHARSET=utf8mb4 COLLATE=utf8mb4_general_ci;
/*!40101 SET character_set_client = @saved_cs_client */;

--
-- Dumping data for table `qr_tokens`
--

LOCK TABLES `qr_tokens` WRITE;
/*!40000 ALTER TABLE `qr_tokens` DISABLE KEYS */;
/*!40000 ALTER TABLE `qr_tokens` ENABLE KEYS */;
UNLOCK TABLES;

--
-- Table structure for table `usuarios`
--

DROP TABLE IF EXISTS `usuarios`;
/*!40101 SET @saved_cs_client     = @@character_set_client */;
/*!40101 SET character_set_client = utf8 */;
CREATE TABLE `usuarios` (
  `id` int(10) unsigned NOT NULL AUTO_INCREMENT,
  `legajo` varchar(20) NOT NULL,
  `nombre` varchar(100) NOT NULL,
  `apellido` varchar(100) NOT NULL,
  `email` varchar(150) DEFAULT NULL,
  `password` varchar(255) NOT NULL,
  `rol` enum('alumno','profesor','secretaria','admin') NOT NULL,
  `curso` varchar(20) DEFAULT NULL,
  `foto` varchar(255) DEFAULT NULL,
  `activo` tinyint(1) NOT NULL DEFAULT 1,
  `created_at` timestamp NOT NULL DEFAULT current_timestamp(),
  `token_recuperacion` varchar(64) DEFAULT NULL,
  `token_expira` datetime DEFAULT NULL,
  `intentos_fallidos` tinyint(3) unsigned NOT NULL DEFAULT 0,
  `bloqueado_hasta` datetime DEFAULT NULL,
  PRIMARY KEY (`id`),
  UNIQUE KEY `legajo` (`legajo`),
  UNIQUE KEY `email` (`email`)
) ENGINE=InnoDB AUTO_INCREMENT=865 DEFAULT CHARSET=utf8mb4 COLLATE=utf8mb4_general_ci;
/*!40101 SET character_set_client = @saved_cs_client */;

--
-- Dumping data for table `usuarios`
--

LOCK TABLES `usuarios` WRITE;
/*!40000 ALTER TABLE `usuarios` DISABLE KEYS */;
INSERT INTO `usuarios` VALUES (1,'90001','Admin','Sistema','admin@instituto.edu','$2y$10$92IXUNpkjO0rOQ5byMi.Ye4oKoEa3Ro9llC/.og/at2.uheWG/igi','admin',NULL,NULL,1,'2026-06-20 15:13:02',NULL,NULL,0,NULL),(3,'90002','Maria','Lopez',NULL,'$2y$10$RFkXNEFQoLIpE1DRetl3R.uUl7XZve1omwcNpUv3fcl5uL9gshbwe','secretaria',NULL,'u3_1783401243.jpg',1,'2026-06-21 00:12:53',NULL,NULL,0,NULL),(4,'19001','Gustavo','Mendez','gustavomendez@frh.utn.edu.ar','$2y$10$Gv4z75j/pFwAz1KQCLJkNOyj6CoGPdZM.lbgmvzpAG1I1CZ8frHrG','profesor',NULL,NULL,1,'2026-06-21 00:20:58',NULL,NULL,0,NULL),(5,'19002','Ramon','Perez','ramonperez@frh.utn.edu.ar','$2y$10$e4wQaxcCsPSZFMwutCQkjuUKchQUow2R2TtQ4BY2yiXIxc4e0q/v.','profesor',NULL,NULL,1,'2026-06-21 22:35:16',NULL,NULL,0,NULL),(238,'18001','Leila','Coronel','coronelleila@frh.utn.edu.ar','$2y$10$uOgbL1KR2bAszcKZzFpmZedaq5WhdQGFJi5pfuZEoYt1G5v/11kqW','profesor',NULL,'u238_1783393781.jpg',1,'2026-06-27 14:29:34','a4d9ab6a0b1125eeab0dc6e233774fa7e35887ccdafae8d9526c205e7359983f','2026-07-07 04:11:41',0,NULL),(239,'18002','Pablo','Gambacorta','pablogambacorta@frh.utn.edu.ar','$2y$10$0MMiAOV.brbWTy5endefy.ujkidZCtITvcMRQ.i98G93BVcDKEw9W','profesor',NULL,NULL,1,'2026-06-27 14:30:27',NULL,NULL,0,NULL),(240,'18003','Ariel','Veron','arielveron@frh.utn.edu.ar','$2y$10$rV66XbNmHUK9EtYzfdXD6.vfM/vK49aSEp1llop.AKFzmmcZs1dZa','profesor',NULL,NULL,1,'2026-06-27 14:30:54',NULL,NULL,0,NULL),(241,'18004','Fidel','Santos','fidelsantos@frh.utn.edu.ar','$2y$10$sC98C5vOdwik3Zj1.q7vDevfqy/XfL5Flt0I/Khvmw9RzxNEeiP.y','profesor',NULL,NULL,1,'2026-06-27 14:31:39',NULL,NULL,0,NULL),(242,'18005','Mabel','Sharpe','sharpemabel@frh.utn.edu.ar','$2y$10$Go.88nG4NU5lzLopBRy0PutWrTSA9783f4RR60pawP966Z1IMvhuG','profesor',NULL,NULL,1,'2026-06-27 14:32:03',NULL,NULL,0,NULL),(244,'18006','Carolina','Suarez',NULL,'$2y$10$T3vfzAj1Yxgz61UQKcy/O.84MLurUTyWKTwxNmgbzTgUXEEIDSoxm','profesor',NULL,NULL,1,'2026-06-28 12:47:52',NULL,NULL,0,NULL),(245,'18007','Isabel','Marko',NULL,'$2y$10$a/BhnRu3RCX469tx9j4ygeyCtaGxUSJzxlyN2/Sg0HCM81ctVy7Km','profesor',NULL,NULL,1,'2026-06-28 12:48:23',NULL,NULL,0,NULL),(246,'18008','Gustavo','Salvadori',NULL,'$2y$10$/VL.KQ/OlUUBXmaTGSnUjOSJdZZHrTx6ugcngHo9rW5CFgwvFcJZ6','profesor',NULL,NULL,1,'2026-06-28 12:48:38',NULL,NULL,0,NULL),(247,'18009','Nancy','Rotchen',NULL,'$2y$10$wKJ3q5zy2BlZBifatlU45eqbuaqpqc2WbEnRFdnQCdpNBkJxZ3Osa','profesor',NULL,NULL,1,'2026-06-28 12:52:46',NULL,NULL,0,NULL),(248,'18010','Vilma','Giúdice',NULL,'$2y$10$IR25zpHaFii.rNIoAffKkunYu7Q8o6Nc5QbEiWc0Q6MMVfgQa43hS','profesor',NULL,NULL,1,'2026-06-28 12:53:54',NULL,NULL,0,NULL),(249,'18011','Osvaldo','Cantone',NULL,'$2y$10$4QBmDGQF9wQKPMT7uAoSauU60zVAe1tPOxfzL7zzm/o3o3wT8vlPW','profesor',NULL,NULL,1,'2026-06-28 12:54:14',NULL,NULL,0,NULL),(250,'18012','Virginia','Vallina',NULL,'$2y$10$iFme342TxLaiKWDe.wbfNepCim16oRSrBHWw/CzK314JAUt52DH..','profesor',NULL,NULL,1,'2026-06-28 12:54:38',NULL,NULL,0,NULL),(251,'18013','Andrea','Vera',NULL,'$2y$10$69x9LNDwmXiHQQ9cILFHVukj0pl460LQTZfv9OpvrFmx0td7emPXK','profesor',NULL,NULL,1,'2026-06-28 12:55:05',NULL,NULL,0,NULL),(252,'18014','Mariano','Ingerto',NULL,'$2y$10$RUsJzUf3Eji0.zbeClhVyO5/PWkQDnyg4b9Z1EEyqvBs0uMhHj0hG','profesor',NULL,'u252_1783436449.jpg',1,'2026-06-28 12:55:22',NULL,NULL,0,NULL),(253,'18015','Natalia','Puntorero',NULL,'$2y$10$3fmw8hzJx10EvN1D5DwffuGsIKHagudlPpq/yMnodK/jyUSVW9tkO','profesor',NULL,NULL,1,'2026-06-28 12:55:43',NULL,NULL,0,NULL),(255,'18017','Graciela','D\'Agostino',NULL,'$2y$10$HiAtVt/mPhWHEge/t3eKNeDuMFUtY8ysUtsks.i5jn0xf8cgZsMhy','profesor',NULL,NULL,1,'2026-06-28 12:56:13',NULL,NULL,0,NULL),(256,'18018','Alicia','Salvador',NULL,'$2y$10$FZdYg4BFwHGeelitQFQOV.unlPBK49T3HKtnuz5QrZw4jIwcJfnZq','profesor',NULL,NULL,1,'2026-06-28 12:56:27',NULL,NULL,0,NULL),(462,'29300','Hernán','Vargas','hernan.vargas300@alumnos.frh.utn.edu.ar','$2y$10$Gl5Jo/TETIvqkQv1Vl5h7Ov4rOr4WgGdZIe8huPW/D.LfwCLmF/Jy','alumno','M1B',NULL,1,'2026-07-07 05:43:34',NULL,NULL,0,NULL),(463,'29301','Sabrina','Ruiz','sabrina.ruiz301@alumnos.frh.utn.edu.ar','$2y$10$M8SRK.fKhAsXuSzKgMmLDO9P0FGyq2okARvN2fl6YBz5DbMm0PTcO','alumno','M1B',NULL,1,'2026-07-07 05:43:35',NULL,NULL,0,NULL),(464,'29302','Ezequiel','Torres','ezequiel.torres302@alumnos.frh.utn.edu.ar','$2y$10$iO7CQWoFIod3EG/YqYjc8OzMsCxAMZEGln69hKS84eQSjTehb5Bma','alumno','N3',NULL,1,'2026-07-07 05:43:35',NULL,NULL,0,NULL),(465,'29303','Nicolás','Castro','nicolas.castro303@alumnos.frh.utn.edu.ar','$2y$10$JPEZ8Q7U7VIVGAJY77O8T.rzCs6iEDSE0QMJAXcbxAiPiuUe8xRaO','alumno','N1',NULL,1,'2026-07-07 05:43:35',NULL,NULL,0,NULL),(466,'29304','Daniela','Mendoza','daniela.mendoza304@alumnos.frh.utn.edu.ar','$2y$10$WTg4YyIPQKmPHTXlvkTzReKqcz5rr55xzUETjRRxIJqXb3YxFRaFK','alumno','N1',NULL,1,'2026-07-07 05:43:35',NULL,NULL,0,NULL),(467,'29305','Verónica','Gómez','veronica.gomez305@alumnos.frh.utn.edu.ar','$2y$10$FfNhbaTvSkLsa7tpkIVQIOQQxjfurtHfcvK/CbbAHkQIcC/JwSO9K','alumno','M1A',NULL,1,'2026-07-07 05:43:35',NULL,NULL,0,NULL),(468,'29306','Alejandro','Gutiérrez','alejandro.gutierrez306@alumnos.frh.utn.edu.ar','$2y$10$HTs2dB2RWRHLqWeQyXrmweKvQXrmzAQKiikRYr2InP6FjmrPVPJKC','alumno','M1B',NULL,1,'2026-07-07 05:43:36',NULL,NULL,0,NULL),(469,'29307','Celeste','Núñez','celeste.nunez307@alumnos.frh.utn.edu.ar','$2y$10$M/CWeCjqd9FwCVoOYA03LOTUHZp6GzzXc99ADdISewfQOmiOfUU06','alumno','M4',NULL,1,'2026-07-07 05:43:36',NULL,NULL,0,NULL),(470,'29308','Diego','Flores','diego.flores308@alumnos.frh.utn.edu.ar','$2y$10$xPx4RMn2TE2yqL1LnseXzuHaI1vbn5sx8LuaNNMGLmQxKzAHcgsIq','alumno','N3',NULL,1,'2026-07-07 05:43:36',NULL,NULL,0,NULL),(471,'29309','Maximiliano','Vargas','maximiliano.vargas309@alumnos.frh.utn.edu.ar','$2y$10$n6s32LeuaoTMmo4Vmxb43uM1HoW9gaye2M2JW8hZ0jn0lGxIWS2Li','alumno','N3',NULL,1,'2026-07-07 05:43:36',NULL,NULL,0,NULL),(472,'29310','Mauricio','Flores','mauricio.flores310@alumnos.frh.utn.edu.ar','$2y$10$fH8QSs/tlH4YuQW6o7MrI.Ze4WWgMwt7wXIvRUacglPGedxlVI0cG','alumno','M1B',NULL,1,'2026-07-07 05:43:36',NULL,NULL,0,NULL),(473,'29311','Gustavo','Luna','gustavo.luna311@alumnos.frh.utn.edu.ar','$2y$10$6vLUOtqeQDF9dn7iSyyIbuGxwy8cax7tcsLLeT1fV0RVgqUZimzu2','alumno','M1B',NULL,1,'2026-07-07 05:43:37',NULL,NULL,0,NULL),(474,'29312','Yanina','Morales','yanina.morales312@alumnos.frh.utn.edu.ar','$2y$10$kEbhs.H3vb4EbF7K10SwR.Z9Fli.iAcRw2hXR/KJgUe7X4Gws9sLS','alumno','M1A',NULL,1,'2026-07-07 05:43:37',NULL,NULL,0,NULL),(475,'29313','Demián','Mendoza','demian.mendoza313@alumnos.frh.utn.edu.ar','$2y$10$Wqz02huSRjQrB8n8c9IUceZ0vZvv0N1L1ifBB18tIiNNQqy.2Xwc.','alumno','N1',NULL,1,'2026-07-07 05:43:37',NULL,NULL,0,NULL),(476,'29314','Sebastián','Pérez','sebastian.perez314@alumnos.frh.utn.edu.ar','$2y$10$esPlCkEGZ0LXUTblhxt.N.5TQXwpqkB/pZ/fEBrdl/ELpfepSvWNu','alumno','M3',NULL,1,'2026-07-07 05:43:37',NULL,NULL,0,NULL),(477,'29315','Antonella','Cabrera','antonella.cabrera315@alumnos.frh.utn.edu.ar','$2y$10$uyOadTsNsvIt5dGOHR6swOYnO.0.eAAq5elGbRMp3HA9Vq8NSP0eW','alumno','M1A',NULL,1,'2026-07-07 05:43:37',NULL,NULL,0,NULL),(478,'29316','Leandro','Pereyra','leandro.pereyra316@alumnos.frh.utn.edu.ar','$2y$10$yNeTjlG5YWKFO7TdAqKvROeWXEyMcoj3xOOsOGmAOudXXgaEjXWd2','alumno','M1A',NULL,1,'2026-07-07 05:43:38',NULL,NULL,0,NULL),(479,'29317','Marcos','Flores','marcos.flores317@alumnos.frh.utn.edu.ar','$2y$10$ED8f0gS0tagsAukzurjLhODX9X2V0VYOVPe/WnJ4VZAmRi6634Qzm','alumno','M2',NULL,1,'2026-07-07 05:43:38',NULL,NULL,0,NULL),(480,'29318','Romina','Pérez','romina.perez318@alumnos.frh.utn.edu.ar','$2y$10$NEHwHnaAWzCkQRcUAKx8BeTAlSXjeDEhX/Qub1dYBq4jFnWn0yjDa','alumno','M3',NULL,1,'2026-07-07 05:43:38',NULL,NULL,0,NULL),(481,'29319','Adrián','Ramírez','adrian.ramirez319@alumnos.frh.utn.edu.ar','$2y$10$/Te.PQ05T3xmbFS51hYgweeqweDm8174R55V2TTLO3dDm1ry4QBKK','alumno','M4',NULL,1,'2026-07-07 05:43:38',NULL,NULL,0,NULL),(482,'29320','Gustavo','Martínez','gustavo.martinez320@alumnos.frh.utn.edu.ar','$2y$10$mce1/tfj2NIn9SGOyM/zz.TOtOPVs.lpuMtBCMLSEg6BFOEd3Bcz2','alumno','M2',NULL,1,'2026-07-07 05:43:38',NULL,NULL,0,NULL),(483,'29321','Martina','Flores','martina.flores321@alumnos.frh.utn.edu.ar','$2y$10$Sk8ymnjOUFPhCaG2AX6ke.2Wrxac5.ZEyysGPpQHKY3GbVIy821tu','alumno','N1',NULL,1,'2026-07-07 05:43:39',NULL,NULL,0,NULL),(484,'29322','Agustina','Rojas','agustina.rojas322@alumnos.frh.utn.edu.ar','$2y$10$vnsLDbpdRZ7CF3SBVik2oeN/lXBMMaHr6KVVyQ4jtTgxCfiA/f0rm','alumno','N3',NULL,1,'2026-07-07 05:43:39',NULL,NULL,0,NULL),(485,'29323','Natalia','Aguirre','natalia.aguirre323@alumnos.frh.utn.edu.ar','$2y$10$48nhAPI8Tx6ASrrWYTCnSupbnyinPq1c1O2GzOUnHU3U.7B1HCq7W','alumno','M1B',NULL,1,'2026-07-07 05:43:39',NULL,NULL,0,NULL),(486,'29324','Valeria','Luna','valeria.luna324@alumnos.frh.utn.edu.ar','$2y$10$UqlqoXZtIVjKG.7V83jnWeGPhejHW7I0qtQQzHW2sStqGljvPE2hO','alumno','M1B',NULL,1,'2026-07-07 05:43:39',NULL,NULL,0,NULL),(487,'29325','Luciana','Romero','luciana.romero325@alumnos.frh.utn.edu.ar','$2y$10$nLna31Rr0MTkj342n4zW.ui6QVZCvpI8v62MPng95vg7pMrCrWDL2','alumno','M1A',NULL,1,'2026-07-07 05:43:39',NULL,NULL,0,NULL),(488,'29326','Agustina','Ramos','agustina.ramos326@alumnos.frh.utn.edu.ar','$2y$10$kw655h0R0RYP7ZMlYSWkJubGHft69a8BBGKpkdqJAqzZUIniC8olG','alumno','N1',NULL,1,'2026-07-07 05:43:40',NULL,NULL,0,NULL),(489,'29327','Celeste','Pérez','celeste.perez327@alumnos.frh.utn.edu.ar','$2y$10$eXA5l/xwSKd0llHiX7XWe.9qNho6JevzPsO8PMlw2E/F9UC.wjmDK','alumno','M3',NULL,1,'2026-07-07 05:43:40',NULL,NULL,0,NULL),(490,'29328','Luisina','Pérez','luisina.perez328@alumnos.frh.utn.edu.ar','$2y$10$dUhK5ypP/qBDRGZ26LQyheKPIrsOJJ2Pt0OTDapVcZM3QLa74kI2q','alumno','M1B',NULL,1,'2026-07-07 05:43:40',NULL,NULL,0,NULL),(491,'29329','Rodrigo','Ibáñez','rodrigo.ibanez329@alumnos.frh.utn.edu.ar','$2y$10$wTJuypu4/sPTJF3qecXQm.DZJy/qEkR4XwOqEmnCVbHc/AosQ5fyu','alumno','M1A',NULL,1,'2026-07-07 05:43:40',NULL,NULL,0,NULL),(492,'29330','Daniela','Morales','daniela.morales330@alumnos.frh.utn.edu.ar','$2y$10$ItsSnq.3HSY1Ruf0rkNDru6bkZcQc1pENsiAC54TC0PaXssBtTTNu','alumno','M1B',NULL,1,'2026-07-07 05:43:40',NULL,NULL,0,NULL),(493,'29331','Adrián','Cabrera','adrian.cabrera331@alumnos.frh.utn.edu.ar','$2y$10$dsB0ILiosjndwJdyhj47r.A7D/yL4QY0UGIsmpmdvIopC3lJjzNdy','alumno','M1B',NULL,1,'2026-07-07 05:43:41',NULL,NULL,0,NULL),(494,'29332','Santiago','Paredes','santiago.paredes332@alumnos.frh.utn.edu.ar','$2y$10$5hqOb5H3Jbb/qDAd9FCoROm1SzUxDXrxAoFOCIBB1DUjmPpYmNt92','alumno','M1B',NULL,1,'2026-07-07 05:43:41',NULL,NULL,0,NULL),(495,'29333','Natalia','Castro','natalia.castro333@alumnos.frh.utn.edu.ar','$2y$10$llsodrZhTj2wYl5CiWIOcOyhXgWGJvnNDYpkKNuDbp3dae843QN0u','alumno','M4',NULL,1,'2026-07-07 05:43:41',NULL,NULL,0,NULL),(496,'29334','Hernán','Bravo','hernan.bravo334@alumnos.frh.utn.edu.ar','$2y$10$RNSVuLxajzGgvZMveWHC0evOnV7uE1.Iq0Ag9BBJ1Bh2xMgRtWF46','alumno','M1B',NULL,1,'2026-07-07 05:43:41',NULL,NULL,0,NULL),(497,'29335','Paula','Leiva','paula.leiva335@alumnos.frh.utn.edu.ar','$2y$10$At6Gqj5tC0VrqW2dUQcivezlMfttKpkmh8WE3l97S7DKVe1YzsqW.','alumno','M3',NULL,1,'2026-07-07 05:43:41',NULL,NULL,0,NULL),(498,'29336','Santiago','Torres','santiago.torres336@alumnos.frh.utn.edu.ar','$2y$10$tbvz/oF/EWDlB8JHT8kI3ej/1F5I.mKYFlrp4rfuGcaWIdYkNuxx6','alumno','N1',NULL,1,'2026-07-07 05:43:42',NULL,NULL,0,NULL),(499,'29337','Demián','Aguirre','demian.aguirre337@alumnos.frh.utn.edu.ar','$2y$10$8rpUK1NxXjl8Io1d9ykMs.yQOl/lpaf.F5mKNSfXERVTg/B0efdze','alumno','N3',NULL,1,'2026-07-07 05:43:42',NULL,NULL,0,NULL),(500,'29338','Ariel','Díaz','ariel.diaz338@alumnos.frh.utn.edu.ar','$2y$10$puEO8MbMV7vwimLIxARlNuZPJ6Wjadar30wcSZrtPmfAcvcQqwONW','alumno','M4',NULL,1,'2026-07-07 05:43:42',NULL,NULL,0,NULL),(501,'29339','Celeste','Romero','celeste.romero339@alumnos.frh.utn.edu.ar','$2y$10$F1mIcSMF1mdaaue05eGdR.Zx8bb2hKuH9piTWsEJOAnwcS5Wk1V6u','alumno','M1A',NULL,1,'2026-07-07 05:43:42',NULL,NULL,0,NULL),(502,'29340','Joaquín','Díaz','joaquin.diaz340@alumnos.frh.utn.edu.ar','$2y$10$pRSOB4Q9oCnaM6YkkU8ZgOntLfoZlntB1YwPIcO/4fas235vXxtWi','alumno','M2',NULL,1,'2026-07-07 05:43:42',NULL,NULL,0,NULL),(503,'29341','Facundo','Ruiz','facundo.ruiz341@alumnos.frh.utn.edu.ar','$2y$10$7nSHHnUOhCNm6jXse9Uy9ecAgoc6y4UfF.RLSnFQWNXUUorsgyqZ2','alumno','M3',NULL,1,'2026-07-07 05:43:43',NULL,NULL,0,NULL),(504,'29342','Tomás','Flores','tomas.flores342@alumnos.frh.utn.edu.ar','$2y$10$simiTKad21WOSI5QMnDXkOVjQ.DMnr2MrJbL39YIPac/60en0KkTe','alumno','M4',NULL,1,'2026-07-07 05:43:43',NULL,NULL,0,NULL),(505,'29343','Antonella','Quiroga','antonella.quiroga343@alumnos.frh.utn.edu.ar','$2y$10$s5YW4gevYg3vHfHN9uwfKOn0Zf91nOnwy.pmP5bNzet1xy5TU5Jk6','alumno','M3',NULL,1,'2026-07-07 05:43:43',NULL,NULL,0,NULL),(506,'29344','Micaela','Castro','micaela.castro344@alumnos.frh.utn.edu.ar','$2y$10$JsJxIVz1os3YlKCEmm9EpeSKvSPxvfoosav2jXL246sOJ89t0ni7C','alumno','M1A',NULL,1,'2026-07-07 05:43:43',NULL,NULL,0,NULL),(507,'29345','Maximiliano','Ruiz','maximiliano.ruiz345@alumnos.frh.utn.edu.ar','$2y$10$.40TzpgJgmgOCut1fra5suMaXcKbazt4qmoGzO9NhXEnVxcp5QtGi','alumno','N1',NULL,1,'2026-07-07 05:43:43',NULL,NULL,0,NULL),(508,'29346','Camila','Blanco','camila.blanco346@alumnos.frh.utn.edu.ar','$2y$10$bud05Pxu/zaVBEFj0eFVjuOrUL181txX1PwXTShxNDgMiIIASQeuy','alumno','M2',NULL,1,'2026-07-07 05:43:43',NULL,NULL,0,NULL),(509,'29347','Valentina','Campos','valentina.campos347@alumnos.frh.utn.edu.ar','$2y$10$XDCGGxfxsMf6mluwcerK2O/.nMp9cVf4B5vlC5wKzrgp8yzmdMyFi','alumno','N3',NULL,1,'2026-07-07 05:43:44',NULL,NULL,0,NULL),(510,'29348','Santiago','Morales','santiago.morales348@alumnos.frh.utn.edu.ar','$2y$10$gbeU.8Qzn1wSutimz4DoTO.lkHCsUOPRNI2iq33lzuXusb5NXBxZK','alumno','M1B',NULL,1,'2026-07-07 05:43:44',NULL,NULL,0,NULL),(511,'29349','Daniela','Cabrera','daniela.cabrera349@alumnos.frh.utn.edu.ar','$2y$10$Sd7zkcmaKVKP5leDrhEcBOS0hDJCN5me/zoIUtzHHyB.NEUzLfZTS','alumno','M2',NULL,1,'2026-07-07 05:43:44',NULL,NULL,0,NULL),(512,'29350','Hernán','Vargas','hernan.vargas350@alumnos.frh.utn.edu.ar','$2y$10$zFDIJQTPTsRH/GkBol5yBuoe9tbCwMH.lqfihxSXIzePN9h0iCA7O','alumno','M3',NULL,1,'2026-07-07 05:43:44',NULL,NULL,0,NULL),(513,'29351','Maximiliano','Gómez','maximiliano.gomez351@alumnos.frh.utn.edu.ar','$2y$10$3wi6uO2gB7.GD3Cn.134qOERBLJsGhtAR5yqo6ciIQGsVlIc8/8Vq','alumno','M1A',NULL,1,'2026-07-07 05:43:44',NULL,NULL,0,NULL),(514,'29352','Facundo','López','facundo.lopez352@alumnos.frh.utn.edu.ar','$2y$10$IUj1ZQaKYRaftyJjQrji0epxsjpl5egQ3Z2GHgWsHUKitxKpJI4sa','alumno','M2',NULL,1,'2026-07-07 05:43:45',NULL,NULL,0,NULL),(515,'29353','Karina','Cabrera','karina.cabrera353@alumnos.frh.utn.edu.ar','$2y$10$TEhJnXTzD89tlOIj65vKFuH8pEn3J2x46MLvBj7vY8Un1kNvupDU2','alumno','N3',NULL,1,'2026-07-07 05:43:45',NULL,NULL,0,NULL),(516,'29354','Natalia','Acosta','natalia.acosta354@alumnos.frh.utn.edu.ar','$2y$10$rxiGFttQ761f5JTAd8c55Ozv/lGSWs0kGDMq6g.WN5gAvDRB/83zy','alumno','M2',NULL,1,'2026-07-07 05:43:45',NULL,NULL,0,NULL),(517,'29355','Ramiro','Acosta','ramiro.acosta355@alumnos.frh.utn.edu.ar','$2y$10$.V4LVD.LPz4mLFknKdA/4OuK/Hv1aJZM0V4FeJdkkScoE.QJNiGI6','alumno','N1',NULL,1,'2026-07-07 05:43:45',NULL,NULL,0,NULL),(518,'29356','Karina','Giménez','karina.gimenez356@alumnos.frh.utn.edu.ar','$2y$10$/Tw9VNyUDczJn.u/tFxU8O0.IZ..fAyJl/lsC9XMoQuPLjewi2ifu','alumno','M1A',NULL,1,'2026-07-07 05:43:45',NULL,NULL,0,NULL),(519,'29357','Verónica','Núñez','veronica.nunez357@alumnos.frh.utn.edu.ar','$2y$10$zfE6y1rtiDM/WTKkhrUjROtsmaLT5mQtVgKEFqQOoiV5HD5ix31nW','alumno','M2',NULL,1,'2026-07-07 05:43:46',NULL,NULL,0,NULL),(520,'29358','Ignacio','Bravo','ignacio.bravo358@alumnos.frh.utn.edu.ar','$2y$10$zeSBCCbvPy2qr.MVUnGSHumLa.gdmTBFk3i.nZ5BNtL0aN2huHF12','alumno','N3',NULL,1,'2026-07-07 05:43:46',NULL,NULL,0,NULL),(521,'29359','Demián','Ponce','demian.ponce359@alumnos.frh.utn.edu.ar','$2y$10$yPBaz7y0254VIJaSWnEUn.FD9oFya2lEpuJ9dXJ8VycbU8cHM9LHK','alumno','N1',NULL,1,'2026-07-07 05:43:46',NULL,NULL,0,NULL),(522,'29360','Ezequiel','Vargas','ezequiel.vargas360@alumnos.frh.utn.edu.ar','$2y$10$oHFGREOJ65vzInCkC/MqEeu6PKJjd9eq7FJkDOUVzX8O1XTV5n9Gu','alumno','M2',NULL,1,'2026-07-07 05:43:46',NULL,NULL,0,NULL),(523,'29361','Natalia','Bravo','natalia.bravo361@alumnos.frh.utn.edu.ar','$2y$10$AU4KQfBVjgJ.rOQcMDwlH.MNygKf9fA/ysLRP.ojFmjZfppEAxk0q','alumno','M1A',NULL,1,'2026-07-07 05:43:46',NULL,NULL,0,NULL),(524,'29362','Natalia','Ríos','natalia.rios362@alumnos.frh.utn.edu.ar','$2y$10$PtLfnyHxp0IquMk9e7TbQeWFtem2Ki8wVUwwg/rFHxCHQVw03NvBO','alumno','M2',NULL,1,'2026-07-07 05:43:46',NULL,NULL,0,NULL),(525,'29363','Camila','Blanco','camila.blanco363@alumnos.frh.utn.edu.ar','$2y$10$/UE8H1zfTubWrcuj7c7VmOGF0cgXM/mMF6fVbjKteMBQbWk1jSD/S','alumno','M2',NULL,1,'2026-07-07 05:43:47',NULL,NULL,0,NULL),(526,'29364','Mauricio','Suárez','mauricio.suarez364@alumnos.frh.utn.edu.ar','$2y$10$Js.2lGNPPq4stHo7O4ooZeUWhM8iXJukHJhQYfdOzgKgQtacU6iU6','alumno','N3',NULL,1,'2026-07-07 05:43:47',NULL,NULL,0,NULL),(527,'29365','Brenda','Gómez','brenda.gomez365@alumnos.frh.utn.edu.ar','$2y$10$Te4yYyRDNUFoSLlKvCv4Lez8ifPokSwVFsUvRKKxlV9SdH5CSOeOa','alumno','M1B',NULL,1,'2026-07-07 05:43:47',NULL,NULL,0,NULL),(528,'29366','Rocío','Vega','rocio.vega366@alumnos.frh.utn.edu.ar','$2y$10$MfcwgLONPbBo5BvxV1iH4Ou/soNu5e6GGrFWltES0Z.2GIQS0ybx6','alumno','M2',NULL,1,'2026-07-07 05:43:47',NULL,NULL,0,NULL),(529,'29367','Celeste','Luna','celeste.luna367@alumnos.frh.utn.edu.ar','$2y$10$FwNEtSGoCT3x.NBNIeQ0uOLFav3WcIwlc.vXXsgl2h2JQeDRN.u7u','alumno','N3',NULL,1,'2026-07-07 05:43:47',NULL,NULL,0,NULL),(530,'29368','Alejandro','Álvarez','alejandro.alvarez368@alumnos.frh.utn.edu.ar','$2y$10$IaTorizjud8yLAfUAHWgN.7grPDgi3Gr8wSTBgia2qZW2eWwOIr72','alumno','M2',NULL,1,'2026-07-07 05:43:48',NULL,NULL,0,NULL),(531,'29369','Daniela','Ponce','daniela.ponce369@alumnos.frh.utn.edu.ar','$2y$10$WOUmooqINsMIBNvcAf390u1GM666L965DEfTEBTzZh9mMGR8aylam','alumno','N1',NULL,1,'2026-07-07 05:43:48',NULL,NULL,0,NULL),(532,'29370','Sabrina','Ibáñez','sabrina.ibanez370@alumnos.frh.utn.edu.ar','$2y$10$gFWnjhq5QW6lTy.sjPtz6.ZrpXLvzP/dVjZqMDliRToLUtsbIP6Y.','alumno','N1',NULL,1,'2026-07-07 05:43:48',NULL,NULL,0,NULL),(533,'29371','Demián','Molina','demian.molina371@alumnos.frh.utn.edu.ar','$2y$10$w1BedYCwvp0qPcBu8b3lvu.ddh50zYHvPC1mMdDRqlldlqKmAPuWK','alumno','M1B',NULL,1,'2026-07-07 05:43:48',NULL,NULL,0,NULL),(534,'29372','Daniela','Morales','daniela.morales372@alumnos.frh.utn.edu.ar','$2y$10$f/FtyOfT8EVmF8xFDZPcRep9KJrWATwug5RMdDz2UF4XvlKwwNP3W','alumno','M1B',NULL,1,'2026-07-07 05:43:48',NULL,NULL,0,NULL),(535,'29373','Paula','González','paula.gonzalez373@alumnos.frh.utn.edu.ar','$2y$10$uXKqvu8ftVIWS2nKEl8pAOda5i6pw/OJl9XBan75ox4iQCtUwwdy2','alumno','N1',NULL,1,'2026-07-07 05:43:49',NULL,NULL,0,NULL),(536,'29374','Paula','Leiva','paula.leiva374@alumnos.frh.utn.edu.ar','$2y$10$CPfdKqnrwMMHggC7VFZUHe9SPliszQiRlwkoPVefT41SEM6gyutSm','alumno','M2',NULL,1,'2026-07-07 05:43:49',NULL,NULL,0,NULL),(537,'29375','Florencia','Luna','florencia.luna375@alumnos.frh.utn.edu.ar','$2y$10$MPSDi7jbmkS6fSg2c9390enc.sa3t.DFbTO9Ymidk5o1KOIId/Un2','alumno','N1',NULL,1,'2026-07-07 05:43:49',NULL,NULL,0,NULL),(538,'29376','Agustina','Paredes','agustina.paredes376@alumnos.frh.utn.edu.ar','$2y$10$rubymqELtgFzbhcLYKc/SeqDKHKEhHJo7mbyVLmUSBNF7fLHp3Enu','alumno','M2',NULL,1,'2026-07-07 05:43:49',NULL,NULL,0,NULL),(539,'29377','Lorena','Ríos','lorena.rios377@alumnos.frh.utn.edu.ar','$2y$10$fjUqcrD.1b1YJ5mXN7LBWOKmLET3x52FHW.vntodMa7BdbrJiWmNG','alumno','N1',NULL,1,'2026-07-07 05:43:49',NULL,NULL,0,NULL),(540,'29378','Noelia','Montes','noelia.montes378@alumnos.frh.utn.edu.ar','$2y$10$JFfzST8NTD86O75ksBqTCOJSaf8M9ovRrlmnVl.nM.VwDEXHlpIpG','alumno','M1B',NULL,1,'2026-07-07 05:43:50',NULL,NULL,0,NULL),(541,'29379','Celeste','Ortiz','celeste.ortiz379@alumnos.frh.utn.edu.ar','$2y$10$7V2IbxA6aNOpfLhlEZXbVO8EiTSk5DoLabQUiu0.KjkKy2M7kOwh.','alumno','N1',NULL,1,'2026-07-07 05:43:50',NULL,NULL,0,NULL),(542,'29380','Hernán','González','hernan.gonzalez380@alumnos.frh.utn.edu.ar','$2y$10$xcdvSX9SDSJdP8hXHWS9n.poYod6uJ8lGlY0wgK17HCuI0ChFsTNi','alumno','M1A',NULL,1,'2026-07-07 05:43:50',NULL,NULL,0,NULL),(543,'29381','Valeria','Gómez','valeria.gomez381@alumnos.frh.utn.edu.ar','$2y$10$aiUDEwrwuuK9.i3loIGbAeHzxenamplb09QSS4hvyzNIdNfodEqLe','alumno','M1B',NULL,1,'2026-07-07 05:43:50',NULL,NULL,0,NULL),(544,'29382','Valentina','Mendoza','valentina.mendoza382@alumnos.frh.utn.edu.ar','$2y$10$5bnw9FtoTNnVnn9fBLaFkeQX8GUE6E11xtgAdAaDKHVtVoHbmTF8G','alumno','M2',NULL,1,'2026-07-07 05:43:50',NULL,NULL,0,NULL),(545,'29383','Mauricio','Rojas','mauricio.rojas383@alumnos.frh.utn.edu.ar','$2y$10$OZhTDbZAzko8f94DpMzyeeTVyNKEWLghRJ686XPjRmlWG2UOTzfOC','alumno','M1B',NULL,1,'2026-07-07 05:43:51',NULL,NULL,0,NULL),(546,'29384','Valeria','Molina','valeria.molina384@alumnos.frh.utn.edu.ar','$2y$10$acDKUJxwIEKTGQ1q3ZwyxuCkCQyZgwCvbQBzL6PkLUV76pi8deE0y','alumno','M1B',NULL,1,'2026-07-07 05:43:51',NULL,NULL,0,NULL),(547,'29385','Rocío','Rojas','rocio.rojas385@alumnos.frh.utn.edu.ar','$2y$10$38dvhrI1N7VNwXe9fxESDu1/HMiVmIoSqtx05HG7zOJht2E9znStK','alumno','N3',NULL,1,'2026-07-07 05:43:51',NULL,NULL,0,NULL),(548,'29386','Ariel','Ríos','ariel.rios386@alumnos.frh.utn.edu.ar','$2y$10$GeOvLhK3QA0Hv9xpzn6QxuGIuL4Y46.sl6MBL1ryG8WQ8bnep86pK','alumno','M3',NULL,1,'2026-07-07 05:43:51',NULL,NULL,0,NULL),(549,'29387','Esteban','Mendoza','esteban.mendoza387@alumnos.frh.utn.edu.ar','$2y$10$Ed3wJrxWKSErLBY/0.T0R.7K/uf6h4rdoEngWAW4rQPZBjW6mtrTy','alumno','N1',NULL,1,'2026-07-07 05:43:51',NULL,NULL,0,NULL),(550,'29388','Alejandro','Quiroga','alejandro.quiroga388@alumnos.frh.utn.edu.ar','$2y$10$iXXq/U5q9AAQxZe5QFt7Tek0QC3Wvjx4m7ubgFZDlYzSXIUJUnd3i','alumno','N1',NULL,1,'2026-07-07 05:43:52',NULL,NULL,0,NULL),(551,'29389','Noelia','Aguirre','noelia.aguirre389@alumnos.frh.utn.edu.ar','$2y$10$Xk.WTo8ll56viIJrQnqSteVL.sZDPdtMfotM2p1P0KOLEBn78TWD.','alumno','N3',NULL,1,'2026-07-07 05:43:52',NULL,NULL,0,NULL),(552,'29390','Julieta','Ramírez','julieta.ramirez390@alumnos.frh.utn.edu.ar','$2y$10$jGGVyVF8cCHQVUfkbS140ekz6PytB4jp9QHVvFeZhi5QNnfsZRTJ2','alumno','N1',NULL,1,'2026-07-07 05:43:52',NULL,NULL,0,NULL),(553,'29391','Mateo','Sánchez','mateo.sanchez391@alumnos.frh.utn.edu.ar','$2y$10$yf8IU6Z/4CW6AWaWQA2JvujQMsHrlrI3nG8sxbj4zzh6eFwlLIs7e','alumno','N3',NULL,1,'2026-07-07 05:43:52',NULL,NULL,0,NULL),(554,'29392','Rodrigo','Rodríguez','rodrigo.rodriguez392@alumnos.frh.utn.edu.ar','$2y$10$tOkh/5HySEzXOY.qk9.p/.oJlRQoQBxdDdnsrofu2RgYR07jYxa2K','alumno','M4',NULL,1,'2026-07-07 05:43:52',NULL,NULL,0,NULL),(555,'29393','Luciana','Martínez','luciana.martinez393@alumnos.frh.utn.edu.ar','$2y$10$92T0jKsBl4FSgXZShGL45Od/s0pI0KL2Fd5dTTINo9LTUN1jNr5ia','alumno','M3',NULL,1,'2026-07-07 05:43:52',NULL,NULL,0,NULL),(556,'29394','Rodrigo','Silva','rodrigo.silva394@alumnos.frh.utn.edu.ar','$2y$10$1hLd8wnQ9MTyyHOsdbz/muPKLrrRvl1W4b8NEPWuO2V2JlTfCiAd.','alumno','M4',NULL,1,'2026-07-07 05:43:53',NULL,NULL,0,NULL),(557,'29395','Luisina','Montes','luisina.montes395@alumnos.frh.utn.edu.ar','$2y$10$pIE90iJu.WLCFY9YJM/Cb.JZmV7xQGcy4aerUWpiR5qlCHRwL6MzC','alumno','M4',NULL,1,'2026-07-07 05:43:53',NULL,NULL,0,NULL),(558,'29396','Yanina','Medina','yanina.medina396@alumnos.frh.utn.edu.ar','$2y$10$lsOqBYFEkUtvteGSbiVu2em4T.aH33k3WuOeXs8cLGFyKam16lXdO','alumno','M1B',NULL,1,'2026-07-07 05:43:53',NULL,NULL,0,NULL),(559,'29397','Noelia','Sánchez','noelia.sanchez397@alumnos.frh.utn.edu.ar','$2y$10$1oYEt4755gfs9NB1BRNoT.SMFHmXeWRDdnBXcq.8WcN2xpOP0RP8q','alumno','N3',NULL,1,'2026-07-07 05:43:53',NULL,NULL,0,NULL),(560,'29398','Hernán','Cabrera','hernan.cabrera398@alumnos.frh.utn.edu.ar','$2y$10$yO63dcwEcqt7X2738byLvO9xB6uNlhaj7YXVCtOPY/ZIdzx5PtLAe','alumno','N3',NULL,1,'2026-07-07 05:43:53',NULL,NULL,0,NULL),(561,'29399','Facundo','Castro','facundo.castro399@alumnos.frh.utn.edu.ar','$2y$10$4dQlJxobJCwmzBCeszmhfOvGCLN/tgjgieY6Tl4vYg.Kiref.BSpC','alumno','M3',NULL,1,'2026-07-07 05:43:54',NULL,NULL,0,NULL),(562,'29400','Federico','Torres','federico.torres400@alumnos.frh.utn.edu.ar','$2y$10$69Jjoeri6tV1ZaDFJbfVJuZ.QGq/HqLp8k7ONf0.w0TA29DCZRgH6','alumno','M1B',NULL,1,'2026-07-07 05:43:54',NULL,NULL,0,NULL),(563,'29401','Natalia','Leiva','natalia.leiva401@alumnos.frh.utn.edu.ar','$2y$10$MNZj8HOG2MlZF0ci.AL4z.K.wNb5YpaZKPP4EnFlhg40QplCceuXq','alumno','N1',NULL,1,'2026-07-07 05:43:54',NULL,NULL,0,NULL),(564,'29402','Daniela','Ríos','daniela.rios402@alumnos.frh.utn.edu.ar','$2y$10$9Rk.ueGFV.o4U2ntFlWH5ewF3W/lbLNvpUUgXBi96OgNoO/Sq2oti','alumno','M4',NULL,1,'2026-07-07 05:43:54',NULL,NULL,0,NULL),(565,'29403','Demián','Ruiz','demian.ruiz403@alumnos.frh.utn.edu.ar','$2y$10$r73jAkPu4tvPAh0aE/0MAutfeiqxEo.hkQcPaY89AUbrT2MIcTh/y','alumno','M2',NULL,1,'2026-07-07 05:43:54',NULL,NULL,0,NULL),(566,'29404','Rocío','Flores','rocio.flores404@alumnos.frh.utn.edu.ar','$2y$10$EwLCHHqKnP5r//yaMFSiAeGjHvDhIXt/tuwuCCUp4G3ufKNBN4GxC','alumno','M2',NULL,1,'2026-07-07 05:43:55',NULL,NULL,0,NULL),(567,'29405','Gustavo','Villalba','gustavo.villalba405@alumnos.frh.utn.edu.ar','$2y$10$/YK4Y0rEUvyBhKwYvm0mZ.JJL95NYiXwzQ2aXqGY.S4AfL79ivtKC','alumno','N3',NULL,1,'2026-07-07 05:43:55',NULL,NULL,0,NULL),(568,'29406','Verónica','Vargas','veronica.vargas406@alumnos.frh.utn.edu.ar','$2y$10$93iD00X19mCiVv1tDU7Uve3lxFDkO9kS4vE6GPN0BBJq0y7KaZpiy','alumno','M1B',NULL,1,'2026-07-07 05:43:55',NULL,NULL,0,NULL),(569,'29407','Brenda','Villalba','brenda.villalba407@alumnos.frh.utn.edu.ar','$2y$10$AP.OjzOn5GYQNEDYe9.7te8ziAWd8Ma4efjxzvg5gVC3yFdZAOvqu','alumno','N1',NULL,1,'2026-07-07 05:43:55',NULL,NULL,0,NULL),(570,'29408','Brenda','Luna','brenda.luna408@alumnos.frh.utn.edu.ar','$2y$10$N9EDPaD/HWNHRlc4QXgv2uPgGEhBCY9qy5gEsocE/Bnrosjyk5cyS','alumno','M1B',NULL,1,'2026-07-07 05:43:55',NULL,NULL,0,NULL),(571,'29409','Camila','Gómez','camila.gomez409@alumnos.frh.utn.edu.ar','$2y$10$phrsipew8OZQJDWq6xe1leusgOfAbSkeU31pis9lNxYd4zRmFic.K','alumno','M1B',NULL,1,'2026-07-07 05:43:55',NULL,NULL,0,NULL),(572,'29410','Gustavo','Mendoza','gustavo.mendoza410@alumnos.frh.utn.edu.ar','$2y$10$RiIbHxq6DpsuHa9g642zU.gbjKE2B0oN3YQFhQe7KdRZPz1QUZ9wW','alumno','M1A',NULL,1,'2026-07-07 05:43:56',NULL,NULL,0,NULL),(573,'29411','Joaquín','Morales','joaquin.morales411@alumnos.frh.utn.edu.ar','$2y$10$tF65qf1rLrOVEbIRH3cH/uIMi9WT/deMTAE/CKR4h.wUugiEdkau2','alumno','N3',NULL,1,'2026-07-07 05:43:56',NULL,NULL,0,NULL),(574,'29412','Cristian','Rodríguez','cristian.rodriguez412@alumnos.frh.utn.edu.ar','$2y$10$OcDwoFkOleot.ckXe6IEb.jkWgxMEkp1ojk.c9Cjj3uxMnrB5h45e','alumno','M2',NULL,1,'2026-07-07 05:43:56',NULL,NULL,0,NULL),(575,'29413','Ramiro','Núñez','ramiro.nunez413@alumnos.frh.utn.edu.ar','$2y$10$uCjJVt4X3yFtZuouk2YSI.QqzhdCFWJECA2SSTZUSfgQ7v56Cx/02','alumno','M1A',NULL,1,'2026-07-07 05:43:56',NULL,NULL,0,NULL),(576,'29414','Yanina','Ponce','yanina.ponce414@alumnos.frh.utn.edu.ar','$2y$10$Y.mwxoYuM5diB2M7fff38.7qEIPVX2T1CLAf3a/cZHNDWhsjGCvAy','alumno','M4',NULL,1,'2026-07-07 05:43:56',NULL,NULL,0,NULL),(577,'29415','Leandro','Paredes','leandro.paredes415@alumnos.frh.utn.edu.ar','$2y$10$nwOdj23R3SU.M5ooIYXV0OHTGWQ3DnCbzD1Xg7ygK.zT91cGsgauu','alumno','M1A',NULL,1,'2026-07-07 05:43:57',NULL,NULL,0,NULL),(578,'29416','Diego','Suárez','diego.suarez416@alumnos.frh.utn.edu.ar','$2y$10$wzfEY1FMgJAp5BqMIsrK6eGJJG4tEuEp480WXAZZTOQO6V8rDHiKq','alumno','M3',NULL,1,'2026-07-07 05:43:57',NULL,NULL,0,NULL),(579,'29417','Rocío','Álvarez','rocio.alvarez417@alumnos.frh.utn.edu.ar','$2y$10$mN4njmocgE4MVW13OGBoVuVypD69QvtOFA7wErA8djaDYxQDF3UiO','alumno','M1B',NULL,1,'2026-07-07 05:43:57',NULL,NULL,0,NULL),(580,'29418','Diego','Martínez','diego.martinez418@alumnos.frh.utn.edu.ar','$2y$10$A8IMpMicWz8vlVoHo9UsSe2m3tsNyrQK39IiLJdztK2SeKuscblgi','alumno','M3',NULL,1,'2026-07-07 05:43:57',NULL,NULL,0,NULL),(581,'29419','Luciana','Martínez','luciana.martinez419@alumnos.frh.utn.edu.ar','$2y$10$yRsUyl3.vYCbSwNPubm2MO0ScRquhNMBPKxZudyGu6uq9bnuxmv52','alumno','M2',NULL,1,'2026-07-07 05:43:57',NULL,NULL,0,NULL),(582,'29420','Valeria','Acosta','valeria.acosta420@alumnos.frh.utn.edu.ar','$2y$10$orHc14SfUwjL3lJxd6PzgudnTPm/nkGymJOUs2EiOWplNwIUDTG8e','alumno','M4',NULL,1,'2026-07-07 05:43:58',NULL,NULL,0,NULL),(583,'29421','Noelia','Medina','noelia.medina421@alumnos.frh.utn.edu.ar','$2y$10$uO2IJAMw8VxKItAlaSoTH.2dRbX6vMqCSwx2twAVYRb2Vsm/.KxNa','alumno','M1B',NULL,1,'2026-07-07 05:43:58',NULL,NULL,0,NULL),(584,'29422','Natalia','Martínez','natalia.martinez422@alumnos.frh.utn.edu.ar','$2y$10$vKIp54BzaILPGsBkJMGLxurlwp4dGP4Ps7LJAx/o2qXfzxj/qq7ai','alumno','N1',NULL,1,'2026-07-07 05:43:58',NULL,NULL,0,NULL),(585,'29423','Sebastián','Ríos','sebastian.rios423@alumnos.frh.utn.edu.ar','$2y$10$SaSPmiFXLfTjW4HS1gvYAuJz1ZLKJ9SBeTiTtIvQkUPMoPp2iRNk6','alumno','M1B',NULL,1,'2026-07-07 05:43:58',NULL,NULL,0,NULL),(586,'29424','Florencia','Romero','florencia.romero424@alumnos.frh.utn.edu.ar','$2y$10$O4eFoMz/W0vEQFNETDyvs.yh.66W7hN0fwlOSm1XrS.UY.xON2v1q','alumno','M3',NULL,1,'2026-07-07 05:43:58',NULL,NULL,0,NULL),(587,'29425','Agustina','Herrera','agustina.herrera425@alumnos.frh.utn.edu.ar','$2y$10$64Dni51y8bjqtqih892ifeS4DiYhO/0Deg7eaomL6cPTsPTijY.pO','alumno','M2',NULL,1,'2026-07-07 05:43:59',NULL,NULL,0,NULL),(588,'29426','Lorena','Silva','lorena.silva426@alumnos.frh.utn.edu.ar','$2y$10$AZSL/jTYlSmQZRwwVuiK9.CPMqU2F6.rMjNyCrTrpwHEEj2t.bVSm','alumno','M1A',NULL,1,'2026-07-07 05:43:59',NULL,NULL,0,NULL),(589,'29427','Esteban','Ramírez','esteban.ramirez427@alumnos.frh.utn.edu.ar','$2y$10$pMBuKjDJE8c3yxKLoaX35O.Z4a8UOGDFGf8cT8wtdUc4C/aJ9EXX.','alumno','N3',NULL,1,'2026-07-07 05:43:59',NULL,NULL,0,NULL),(590,'29428','Esteban','Ruiz','esteban.ruiz428@alumnos.frh.utn.edu.ar','$2y$10$HvRVmHJF33TXh1IoZ7jBCeLI8tChDvdyX8brlKf1tNsmwShe5xCnK','alumno','N1',NULL,1,'2026-07-07 05:43:59',NULL,NULL,0,NULL),(591,'29429','Paula','Cáceres','paula.caceres429@alumnos.frh.utn.edu.ar','$2y$10$xEZoYHK0v9z5swf7Zw7yFucpPH1eELEeZzLGoc/9kdv6Kl08eud5e','alumno','N3',NULL,1,'2026-07-07 05:43:59',NULL,NULL,0,NULL),(592,'29430','Romina','Pérez','romina.perez430@alumnos.frh.utn.edu.ar','$2y$10$bSEN0T/Lqe3urNp5BIpALuFAip3QQOLoX88UdHMdAXdxHv9EY3fnO','alumno','N1',NULL,1,'2026-07-07 05:44:00',NULL,NULL,0,NULL),(593,'29431','Mauricio','Romero','mauricio.romero431@alumnos.frh.utn.edu.ar','$2y$10$vORsjUoUiaFcu7bcaNgyUu.AtI9sitzlL8lmyIEknKSCBQwtreEva','alumno','N1',NULL,1,'2026-07-07 05:44:00',NULL,NULL,0,NULL),(594,'29432','Martina','Torres','martina.torres432@alumnos.frh.utn.edu.ar','$2y$10$i7WVDLcqTbdjU4URum6szO7XYkv8Xg3NKoz35gQEqXlDxuT1uTiBq','alumno','M1B',NULL,1,'2026-07-07 05:44:00',NULL,NULL,0,NULL),(595,'29433','Romina','Pérez','romina.perez433@alumnos.frh.utn.edu.ar','$2y$10$gBzERTyIbJUS5U5.zwiKuuNFUlMriFb4NkdOovjNIsLzDqVWXAgVK','alumno','M1A',NULL,1,'2026-07-07 05:44:00',NULL,NULL,0,NULL),(596,'29434','Noelia','Blanco','noelia.blanco434@alumnos.frh.utn.edu.ar','$2y$10$FIaoEahDcVSTiFYWKhNgI.HnjqhvqrXPnRph6/W.lhbNDcJ1UMiCi','alumno','N1',NULL,1,'2026-07-07 05:44:00',NULL,NULL,0,NULL),(597,'29435','Daniela','Álvarez','daniela.alvarez435@alumnos.frh.utn.edu.ar','$2y$10$pYnvyZmjJR.gJlzhs4pMYOtL89UXMLv7kWyuCKShpU3Od5tDtxpxO','alumno','M2',NULL,1,'2026-07-07 05:44:01',NULL,NULL,0,NULL),(598,'29436','Demián','Acosta','demian.acosta436@alumnos.frh.utn.edu.ar','$2y$10$AIjxaKvwb2B6lLkFs3FuJuXLcrYVhYFbUlRcX0UU55pSI./j.GGbO','alumno','M4',NULL,1,'2026-07-07 05:44:01',NULL,NULL,0,NULL),(599,'29437','Sabrina','Bravo','sabrina.bravo437@alumnos.frh.utn.edu.ar','$2y$10$9zCTmD/Zao75Z7NGEcwUH.qcQ5WHU..r693laP/xtNUQQdFnOJwxi','alumno','M4',NULL,1,'2026-07-07 05:44:01',NULL,NULL,0,NULL),(600,'29438','Agustina','Morales','agustina.morales438@alumnos.frh.utn.edu.ar','$2y$10$WwKI9hAkDikqCcMiujytkuMNDXShQHe5gcdYrxjHqJYmQWQBYm4f2','alumno','N3',NULL,1,'2026-07-07 05:44:01',NULL,NULL,0,NULL),(601,'29439','Santiago','Morales','santiago.morales439@alumnos.frh.utn.edu.ar','$2y$10$5ymsyyUBLSeovfj6mjP7j.ezM3B5Rrt4HqZsTOb1B85zZun3jfI1G','alumno','N3',NULL,1,'2026-07-07 05:44:01',NULL,NULL,0,NULL),(602,'29440','Luisina','Vega','luisina.vega440@alumnos.frh.utn.edu.ar','$2y$10$T5Z9hhjQqMKciAJoz/ncruM27apCZ.OzFcWD.2TlRp7XT5j8oKrMO','alumno','M1B',NULL,1,'2026-07-07 05:44:02',NULL,NULL,0,NULL),(603,'29441','Rodrigo','Ruiz','rodrigo.ruiz441@alumnos.frh.utn.edu.ar','$2y$10$txq/glEPVg6F4WQsRSvwBuAguZWCwMKsL.biLZcrgNZTmcblHT9em','alumno','N1',NULL,1,'2026-07-07 05:44:02',NULL,NULL,0,NULL),(604,'29442','Joaquín','Díaz','joaquin.diaz442@alumnos.frh.utn.edu.ar','$2y$10$hlGESEvtZ1UFUq68WWCAh.mlDDj6Vir5boA3micCBhk7p7/Oj1ZP6','alumno','M3',NULL,1,'2026-07-07 05:44:02',NULL,NULL,0,NULL),(605,'29443','Ramiro','Mendoza','ramiro.mendoza443@alumnos.frh.utn.edu.ar','$2y$10$GfgnsmOEQgiOsxKZUo14ueJEuAkfiRSIUrSECgYboqDKjAtAUoglq','alumno','N1',NULL,1,'2026-07-07 05:44:02',NULL,NULL,0,NULL),(606,'29444','Valentina','Acosta','valentina.acosta444@alumnos.frh.utn.edu.ar','$2y$10$qB5eUROxo9fXf2IlVG1Zf.BN7WxkGRKtW.B4d3WY6.lNamKpzGJgq','alumno','M3',NULL,1,'2026-07-07 05:44:02',NULL,NULL,0,NULL),(607,'29445','Mauricio','Sánchez','mauricio.sanchez445@alumnos.frh.utn.edu.ar','$2y$10$4EpEp2eDdEViROCsJP9Si..T7nWiZQzRBvWRWaIVzb/1u7NHrckYq','alumno','N3',NULL,1,'2026-07-07 05:44:02',NULL,NULL,0,NULL),(608,'29446','Ezequiel','Villalba','ezequiel.villalba446@alumnos.frh.utn.edu.ar','$2y$10$2lQ7MoCyc9bKaNdEi73ewe7JcAsVvD2PwJxv54XtpZh8swdv09olm','alumno','M3',NULL,1,'2026-07-07 05:44:03',NULL,NULL,0,NULL),(609,'29447','Karina','Aguirre','karina.aguirre447@alumnos.frh.utn.edu.ar','$2y$10$Dl8VoDzdQmza.tnVXK/qOeo9Kb8uEAa9Nf8eFAlu9K/GNPptUK.8O','alumno','N3',NULL,1,'2026-07-07 05:44:03',NULL,NULL,0,NULL),(610,'29448','Nicolás','Álvarez','nicolas.alvarez448@alumnos.frh.utn.edu.ar','$2y$10$gJ8rFTl.PHEqb8dV4OHo2u/xHM5.Ktd5i7bGZGelREu8kYS3rWDNq','alumno','N3',NULL,1,'2026-07-07 05:44:03',NULL,NULL,0,NULL),(611,'29449','Agustina','Quiroga','agustina.quiroga449@alumnos.frh.utn.edu.ar','$2y$10$OJfs/oL2z1mMaMoL9zMCZexnxdRl7/BDmkklmzHjRvRuB9h5p457S','alumno','M3',NULL,1,'2026-07-07 05:44:03',NULL,NULL,0,NULL),(612,'29450','Maximiliano','Castro','maximiliano.castro450@alumnos.frh.utn.edu.ar','$2y$10$NZHjRturk/YG/eExpQqGlek3dxWEATEnTTQVCyyBuFfGU/MBi2LBW','alumno','M2',NULL,1,'2026-07-07 05:44:03',NULL,NULL,0,NULL),(613,'29451','Diego','López','diego.lopez451@alumnos.frh.utn.edu.ar','$2y$10$IA1lTdFpTiCXd8BjYGaAY.KeWOwO398KJJ4HoaShhNNmCWWgEwUIi','alumno','M4',NULL,1,'2026-07-07 05:44:04',NULL,NULL,0,NULL),(614,'29452','Hernán','Fernández','hernan.fernandez452@alumnos.frh.utn.edu.ar','$2y$10$lAWfrjprn3OP7MKYWdtP7.p4yzIZw64voI4/SzHTJY2b4QyqwzzEC','alumno','M2',NULL,1,'2026-07-07 05:44:04',NULL,NULL,0,NULL),(615,'29453','Agustina','Torres','agustina.torres453@alumnos.frh.utn.edu.ar','$2y$10$/FMtxg5DX.B4vsEyH9y5veoWVir3CB3kK4gTJ771YgidICm7eEATa','alumno','M1A',NULL,1,'2026-07-07 05:44:04',NULL,NULL,0,NULL),(616,'29454','Julieta','Pereyra','julieta.pereyra454@alumnos.frh.utn.edu.ar','$2y$10$/1WUO6dYh4BDbWT49kZGqORMkFMDhn0LqrvGWwgF.H3rZncARKpZG','alumno','M2',NULL,1,'2026-07-07 05:44:04',NULL,NULL,0,NULL),(617,'29455','Julieta','Romero','julieta.romero455@alumnos.frh.utn.edu.ar','$2y$10$UkTxWbN1AN61xJ3a.1LsKOXTDCnIg7Z9k6fEi.0O980u7lfrErMQ6','alumno','M3',NULL,1,'2026-07-07 05:44:04',NULL,NULL,0,NULL),(618,'29456','Marcos','Rodríguez','marcos.rodriguez456@alumnos.frh.utn.edu.ar','$2y$10$YJMbBe353yjWC82aG8QyJ.6w6rrwZmn0.xBy0jufF8FQ0.LnyPGUy','alumno','M1A',NULL,1,'2026-07-07 05:44:04',NULL,NULL,0,NULL),(619,'29457','Paula','Álvarez','paula.alvarez457@alumnos.frh.utn.edu.ar','$2y$10$OYzi5NwVO4D7GwT0IJHtAOE2MHCV3J.uZIV498RKpqKbBTkeIqGaC','alumno','M4',NULL,1,'2026-07-07 05:44:05',NULL,NULL,0,NULL),(620,'29458','Mauricio','Suárez','mauricio.suarez458@alumnos.frh.utn.edu.ar','$2y$10$EEJY/O26/CZsSxraaaFbeuVFUsAt36DY0lyyvZGh04tG5gD/oExAu','alumno','N3',NULL,1,'2026-07-07 05:44:05',NULL,NULL,0,NULL),(621,'29459','Federico','Luna','federico.luna459@alumnos.frh.utn.edu.ar','$2y$10$aUTI73Jr8rgUJKtVN1xQSunuRqeA87.VniejDvK2JoFNUZzsna8B.','alumno','M2',NULL,1,'2026-07-07 05:44:05',NULL,NULL,0,NULL),(622,'29460','Luciana','Vargas','luciana.vargas460@alumnos.frh.utn.edu.ar','$2y$10$5A2PL957VOSLV7iXnxJ6N.dZCiSTkTorHdPhfyoHCEXxM8pkFqlE6','alumno','N3',NULL,1,'2026-07-07 05:44:05',NULL,NULL,0,NULL),(623,'29461','Leandro','Ibáñez','leandro.ibanez461@alumnos.frh.utn.edu.ar','$2y$10$iDXoxT21IPq2jZctofqo0O1UnGkUAYm3e8rO06qoWUyte0oed9yJG','alumno','M1B',NULL,1,'2026-07-07 05:44:05',NULL,NULL,0,NULL),(624,'29462','Esteban','Díaz','esteban.diaz462@alumnos.frh.utn.edu.ar','$2y$10$8wkcEyPdslXBHdmBH5g9hOLlUTdVgWmQ.eaY0doHxU8EDPIRFj4cu','alumno','N1',NULL,1,'2026-07-07 05:44:06',NULL,NULL,0,NULL),(625,'29463','Mauricio','Fernández','mauricio.fernandez463@alumnos.frh.utn.edu.ar','$2y$10$NDJCaOmtf.6AODo40SI04OmDv24Jmjnr6mGypdWQS.plnzs4dfCpG','alumno','N3',NULL,1,'2026-07-07 05:44:06',NULL,NULL,0,NULL),(626,'29464','Julieta','Rojas','julieta.rojas464@alumnos.frh.utn.edu.ar','$2y$10$oi6Nk3DCtkDvwNDmeKjeheZ5..ehjFEVR7kyq84ybQoBGOHWThL22','alumno','M3',NULL,1,'2026-07-07 05:44:06',NULL,NULL,0,NULL),(627,'29465','Celeste','Blanco','celeste.blanco465@alumnos.frh.utn.edu.ar','$2y$10$fyPxNA55IZrbf3R279RKl.NIykF.8YMMwmYVhC4pxcL/yzngzDwka','alumno','N1',NULL,1,'2026-07-07 05:44:06',NULL,NULL,0,NULL),(628,'29466','Sebastián','Acosta','sebastian.acosta466@alumnos.frh.utn.edu.ar','$2y$10$1nGsai8rTghn0eszRVEdnunzlvMbe1qRLvXfg3WVe51lsWTBRI5rm','alumno','M1B',NULL,1,'2026-07-07 05:44:06',NULL,NULL,0,NULL),(629,'29467','Adrián','Ríos','adrian.rios467@alumnos.frh.utn.edu.ar','$2y$10$JnDqLYjEinb.ZIqS6g9MLezxe3ebACxt.RjSGQ9zsqo3VVhrzYrf6','alumno','M1A',NULL,1,'2026-07-07 05:44:07',NULL,NULL,0,NULL),(630,'29468','Ignacio','Benítez','ignacio.benitez468@alumnos.frh.utn.edu.ar','$2y$10$6d8OTCqvlB0Xq2v1g.9fIuSZ5TLRSCULuN9zqqIzcMnEyrbtu2heu','alumno','N1',NULL,1,'2026-07-07 05:44:07',NULL,NULL,0,NULL),(631,'29469','Rocío','Álvarez','rocio.alvarez469@alumnos.frh.utn.edu.ar','$2y$10$yPiOpoiKtc8RL1aRAP6p4e7N4IjFqwerReybOFTHwt36XDLazcEb2','alumno','N3',NULL,1,'2026-07-07 05:44:07',NULL,NULL,0,NULL),(632,'29470','Yanina','Sánchez','yanina.sanchez470@alumnos.frh.utn.edu.ar','$2y$10$yfWxzDTnp27tom48hK2PL.WxYjUU7KKZ/efyV6IJaedWUtNgZpdCe','alumno','M3',NULL,1,'2026-07-07 05:44:07',NULL,NULL,0,NULL),(633,'29471','Valentina','Villalba','valentina.villalba471@alumnos.frh.utn.edu.ar','$2y$10$mVFstL2iL1st56JhalsczOnZN/u2xzXYSUmV9v4tpAiFqRgXURBSC','alumno','M1A',NULL,1,'2026-07-07 05:44:07',NULL,NULL,0,NULL),(634,'29472','Florencia','Torres','florencia.torres472@alumnos.frh.utn.edu.ar','$2y$10$wKSethEZQ73GcshHDU2DweRLbZ4J7DefAsvwWbd8PtFSghOnSBhHe','alumno','M1B',NULL,1,'2026-07-07 05:44:08',NULL,NULL,0,NULL),(635,'29473','Luisina','Giménez','luisina.gimenez473@alumnos.frh.utn.edu.ar','$2y$10$DBwIqic94G1C5tK9K71a5OzBSmSiwp9s6DMRB0nbb09UcL/c72skm','alumno','M1A',NULL,1,'2026-07-07 05:44:08',NULL,NULL,0,NULL),(636,'29474','Rocío','Ruiz','rocio.ruiz474@alumnos.frh.utn.edu.ar','$2y$10$9rqH9v3pJDfOySMBqhNoIeTb8paC66hwBYgPnFewQhUt9XZiuR.0W','alumno','M4',NULL,1,'2026-07-07 05:44:08',NULL,NULL,0,NULL),(637,'29475','Noelia','Vega','noelia.vega475@alumnos.frh.utn.edu.ar','$2y$10$/VKnduqSX1Qg7lvGKGoR/urAq2HaQ8OnlMsSHh65.6i2ySq1/InlG','alumno','M1B',NULL,1,'2026-07-07 05:44:08',NULL,NULL,0,NULL),(638,'29476','Valentina','Cáceres','valentina.caceres476@alumnos.frh.utn.edu.ar','$2y$10$MGbq5h8sGlCsWVNJ7Nf7oe6eLKiZteB7PnTOVru8B3pt8cEmgnnRm','alumno','M1A',NULL,1,'2026-07-07 05:44:08',NULL,NULL,0,NULL),(639,'29477','Valeria','Cabrera','valeria.cabrera477@alumnos.frh.utn.edu.ar','$2y$10$S1D52lmOflGbK1LGhVMdFOypBhl2/WVR9GicMlzssc.exCZvlZKO2','alumno','M3',NULL,1,'2026-07-07 05:44:09',NULL,NULL,0,NULL),(640,'29478','Camila','Álvarez','camila.alvarez478@alumnos.frh.utn.edu.ar','$2y$10$0WO90MkqnBMsZ9Uw42BNv..QJvoz8lx.2SyDk4hIK4/lcnF/ORI/m','alumno','M4',NULL,1,'2026-07-07 05:44:09',NULL,NULL,0,NULL),(641,'29479','Micaela','Morales','micaela.morales479@alumnos.frh.utn.edu.ar','$2y$10$5hS0FUFNCv2CgmE5OmIM8eC8jpkEtqBlkywKx1G5nKYjuOTsD97mW','alumno','M3',NULL,1,'2026-07-07 05:44:09',NULL,NULL,0,NULL),(642,'29480','Martina','Ramos','martina.ramos480@alumnos.frh.utn.edu.ar','$2y$10$kpiYLvj8YN9RTSOl0Kkd5uKGvenoKbi/JdJIzhtkEcVEWasXUa8IC','alumno','M4',NULL,1,'2026-07-07 05:44:09',NULL,NULL,0,NULL),(643,'29481','Nicolás','Silva','nicolas.silva481@alumnos.frh.utn.edu.ar','$2y$10$ZBSDeO/e55lFB/Qt7NIH8.QxMk7FamyHLnyXdwg0egv5gdUcSN2f.','alumno','M4',NULL,1,'2026-07-07 05:44:09',NULL,NULL,0,NULL),(644,'29482','Agustina','Acosta','agustina.acosta482@alumnos.frh.utn.edu.ar','$2y$10$4RCPiyJqvtttuz2u4/Ubruro7tgUnGeawhggbOLnYO0HVZhJZJPdO','alumno','N1',NULL,1,'2026-07-07 05:44:10',NULL,NULL,0,NULL),(645,'29483','Yanina','Gutiérrez','yanina.gutierrez483@alumnos.frh.utn.edu.ar','$2y$10$XA8SBJxyY8lYivygxG2PQOVFoPum5uGAyHgerwElmee0YKreO9H9i','alumno','M1B',NULL,1,'2026-07-07 05:44:10',NULL,NULL,0,NULL),(646,'29484','Demián','Sánchez','demian.sanchez484@alumnos.frh.utn.edu.ar','$2y$10$r0wo.kNJ4d0uez8c6TXNcegGYHbye0J6vbpGWeOxzrWGoJZ9H5SO2','alumno','M3',NULL,1,'2026-07-07 05:44:10',NULL,NULL,0,NULL),(647,'29485','Alejandro','Ramírez','alejandro.ramirez485@alumnos.frh.utn.edu.ar','$2y$10$.vIZO8XNAbKGA0k48RROAeHeFXQsvLEbSpLaC2mDKJl5uD2IO0oJq','alumno','N3',NULL,1,'2026-07-07 05:44:10',NULL,NULL,0,NULL),(648,'29486','Facundo','Torres','facundo.torres486@alumnos.frh.utn.edu.ar','$2y$10$Nq4M2gN9FGbNeKE0Hsmdue1Pw04YQT/FtqbLh9HJaArDVsbCZwxe.','alumno','M3',NULL,1,'2026-07-07 05:44:10',NULL,NULL,0,NULL),(649,'29487','Ariel','Benítez','ariel.benitez487@alumnos.frh.utn.edu.ar','$2y$10$XhobEbOAOJ4QUbjc4uN0HuI4HVYMqiwSYaour2JcfRz2o.jPOtOSm','alumno','M1B',NULL,1,'2026-07-07 05:44:10',NULL,NULL,0,NULL),(650,'29488','Mauricio','Castro','mauricio.castro488@alumnos.frh.utn.edu.ar','$2y$10$poAldzu.Gn0yF7CQGU4wj.5drsgdvlU02qoklePh.YK160YOezeMu','alumno','M1B',NULL,1,'2026-07-07 05:44:11',NULL,NULL,0,NULL),(651,'29489','Ramiro','Mendoza','ramiro.mendoza489@alumnos.frh.utn.edu.ar','$2y$10$MIDLIfwGhFdLLfsPOnXWOeAq6Jq/ayMtA4z7YGlZCWWX0ldBjC9Yq','alumno','N1',NULL,1,'2026-07-07 05:44:11',NULL,NULL,0,NULL),(652,'29490','Valeria','Gómez','valeria.gomez490@alumnos.frh.utn.edu.ar','$2y$10$9Tu23tqSNSt3/Y2v4Co58u5iR0fzRosSaj9dYNqhtFgFys0ccNB7e','alumno','M1A',NULL,1,'2026-07-07 05:44:11',NULL,NULL,0,NULL),(653,'29491','Ezequiel','Benítez','ezequiel.benitez491@alumnos.frh.utn.edu.ar','$2y$10$zVQ8a9TKtr/.3KKO5qQmYe2YmEkroTIernIxB92oJ/ovpzknMso4S','alumno','M4',NULL,1,'2026-07-07 05:44:11',NULL,NULL,0,NULL),(654,'29492','Micaela','Ponce','micaela.ponce492@alumnos.frh.utn.edu.ar','$2y$10$aFzV71T8gAqh9gK2Vckwy.12OiAvt3LdfWRkWOXZ64p7uTF0VlmSO','alumno','N1',NULL,1,'2026-07-07 05:44:11',NULL,NULL,0,NULL),(655,'29493','Celeste','Cabrera','celeste.cabrera493@alumnos.frh.utn.edu.ar','$2y$10$2Xc0mkfMBF2eVEpDjj2kEunbZtUPE4tGkUSMPRv0hOIzRNhd6/qIO','alumno','M4',NULL,1,'2026-07-07 05:44:12',NULL,NULL,0,NULL),(656,'29494','Esteban','Rodríguez','esteban.rodriguez494@alumnos.frh.utn.edu.ar','$2y$10$9fM3pjiUrRVMiQkQpUrCgOnvpeQNyt35nAPI16IdYEZhc5gcZzSpC','alumno','M1B',NULL,1,'2026-07-07 05:44:12',NULL,NULL,0,NULL),(657,'29495','Rocío','Suárez','rocio.suarez495@alumnos.frh.utn.edu.ar','$2y$10$Q.PtCBIlrmBF6rprOceMe.FjVCUNcaU33BR8iD67jV/DKo/VQUY8i','alumno','N3',NULL,1,'2026-07-07 05:44:12',NULL,NULL,0,NULL),(658,'29496','Yanina','Morales','yanina.morales496@alumnos.frh.utn.edu.ar','$2y$10$o3dJ783hZ69b/pm5VLsIBuXR.HE.9cTwZG3UPxjcr.yerFOPNm00a','alumno','M3',NULL,1,'2026-07-07 05:44:12',NULL,NULL,0,NULL),(659,'29497','Florencia','Sánchez','florencia.sanchez497@alumnos.frh.utn.edu.ar','$2y$10$.btDcfiRMUUGXNO2l5L5g.5tmcB/zcpiTsb6f6KwoRFQ1gvTjCuSW','alumno','N3',NULL,1,'2026-07-07 05:44:12',NULL,NULL,0,NULL),(660,'29498','Luisina','Fernández','luisina.fernandez498@alumnos.frh.utn.edu.ar','$2y$10$g16T6z.0vgtRwUqzer4fJeHsi9F1JHPVpMHhUgpV91f.nvdSqyumW','alumno','M1A',NULL,1,'2026-07-07 05:44:13',NULL,NULL,0,NULL),(661,'29499','Marcos','Martínez','marcos.martinez499@alumnos.frh.utn.edu.ar','$2y$10$aSE9HHFPz52AqCms7UpZlu/maFZxIpqNx1ZsAwqhGACle.Eiep3aO','alumno','M2',NULL,1,'2026-07-07 05:44:13',NULL,NULL,0,NULL),(662,'30851','Juan','Widmer','jwidmer851@alumnos.frh.utn.edu.ar','$2y$10$8Nzc8oc33Jjmc183FjmJ.OySgNyqcfjJPPrCYw8yHX1IT4VSZNB7m','alumno','M1A',NULL,1,'2026-07-07 05:46:55',NULL,NULL,0,NULL),(663,'29100','Luisina','Romero','luisina.romero100@alumnos.frh.utn.edu.ar','$2y$10$togMmpVZ3BMvzd0T69R2buR49TVNjKQqCz06s.CVw.N4Cmj.fn3gq','alumno','M1A',NULL,1,'2026-07-07 05:47:59',NULL,NULL,0,NULL),(664,'29101','Ariel','Herrera','ariel.herrera101@alumnos.frh.utn.edu.ar','$2y$10$Mv1KHJ90/g5UQXbxNob6zucHbEG8aDXCQuco90w9zChPlCEA04JLK','alumno','M1B',NULL,1,'2026-07-07 05:48:00',NULL,NULL,0,NULL),(665,'29102','Micaela','Torres','micaela.torres102@alumnos.frh.utn.edu.ar','$2y$10$eRThYLZTKORXoAnQLMJyVeA4NGv8Z.wIzUMQsip3VGHsTd9deozTO','alumno','N1',NULL,1,'2026-07-07 05:48:00',NULL,NULL,0,NULL),(666,'29103','Sofía','Ponce','sofia.ponce103@alumnos.frh.utn.edu.ar','$2y$10$0Ii6ejjn8lAXbHdrs0q1HuqWLuFz7PzV8q0MdbQO7XH8LD.ueGLBK','alumno','N1',NULL,1,'2026-07-07 05:48:00',NULL,NULL,0,NULL),(667,'29104','Romina','Pérez','romina.perez104@alumnos.frh.utn.edu.ar','$2y$10$ilcJU9cgPBcmsuB/opqXFe.5qVuYOViIbbMQ2xvFQwPqmQnu5dRRu','alumno','M4',NULL,1,'2026-07-07 05:48:00',NULL,NULL,0,NULL),(668,'29105','Marcos','López','marcos.lopez105@alumnos.frh.utn.edu.ar','$2y$10$HvZx.F0GOBEQMvyoZz5FSOA3nieWjEbivXR6N.L23I9F58bFOPUqW','alumno','M1A',NULL,1,'2026-07-07 05:48:00',NULL,NULL,0,NULL),(669,'29106','Nicolás','Flores','nicolas.flores106@alumnos.frh.utn.edu.ar','$2y$10$bEegYXEu5bKlNTXmJFAetOfgIWWa/xCRCnlPMg.Bcl5OgjAjGoOk2','alumno','M1B',NULL,1,'2026-07-07 05:48:01',NULL,NULL,0,NULL),(670,'29107','Valeria','Aguirre','valeria.aguirre107@alumnos.frh.utn.edu.ar','$2y$10$/GMCmorg4meVdkppOsvd0OatEksq..y/X5gah5G5Abr.sY2P2P3bm','alumno','M1A',NULL,1,'2026-07-07 05:48:01',NULL,NULL,0,NULL),(671,'29108','Esteban','Ramírez','esteban.ramirez108@alumnos.frh.utn.edu.ar','$2y$10$Qbs/34t86wm/TYaJkAmpWukVUHZW.fvXc56g9TJR7EdZIa9XKwHoa','alumno','N1',NULL,1,'2026-07-07 05:48:01',NULL,NULL,0,NULL),(672,'29109','Ramiro','Leiva','ramiro.leiva109@alumnos.frh.utn.edu.ar','$2y$10$RLm.ILE8LWxawJ0bz0TdF.XLlzvirIdGtqLYqtVD89rPjoC/yC/TW','alumno','M4',NULL,1,'2026-07-07 05:48:01',NULL,NULL,0,NULL),(673,'29110','Celeste','Acosta','celeste.acosta110@alumnos.frh.utn.edu.ar','$2y$10$M7PLp17BZKk63bDeZcOUvegLLFAjoK0UDCM3Go5mTZXUAFGB6YsHm','alumno','M3',NULL,1,'2026-07-07 05:48:02',NULL,NULL,0,NULL),(674,'29111','Diego','Herrera','diego.herrera111@alumnos.frh.utn.edu.ar','$2y$10$RireyFDp/4RaphqKkZOtVOmiG60OVq5ARlwk6p.n88jlRhGXvD/mm','alumno','N3',NULL,1,'2026-07-07 05:48:02',NULL,NULL,0,NULL),(675,'29112','Valentina','Bravo','valentina.bravo112@alumnos.frh.utn.edu.ar','$2y$10$33fL.Gx5Kahfe3F6/EpP4edKF1Uf.4G7Gd7O/V7/WzD72YB.5tAui','alumno','N3',NULL,1,'2026-07-07 05:48:02',NULL,NULL,0,NULL),(676,'29113','Agustina','Leiva','agustina.leiva113@alumnos.frh.utn.edu.ar','$2y$10$1yy9o30vijz60RqvW.pABOl1o8hKNDNJywwvxJHT/P27tq1w9bJI.','alumno','M3',NULL,1,'2026-07-07 05:48:02',NULL,NULL,0,NULL),(677,'29114','Federico','Herrera','federico.herrera114@alumnos.frh.utn.edu.ar','$2y$10$kK43CO/IYp1TaparyAwXJexZL8HjfT.5T6krEDBOEGvqCxcUApfm.','alumno','M1B',NULL,1,'2026-07-07 05:48:02',NULL,NULL,0,NULL),(678,'29115','Ignacio','Bravo','ignacio.bravo115@alumnos.frh.utn.edu.ar','$2y$10$jSPpN58J/2/Tp11cco8tOupv9X99Nq4WDz08zxPio/.EWx3x.zsO2','alumno','M2',NULL,1,'2026-07-07 05:48:02',NULL,NULL,0,NULL),(679,'29116','Sofía','Pérez','sofia.perez116@alumnos.frh.utn.edu.ar','$2y$10$K7AdoYYGdmx9ONJjj7hi8.5w9me6vYwr/MPpPuoS6IaueL7R9xHzi','alumno','M3',NULL,1,'2026-07-07 05:48:03',NULL,NULL,0,NULL),(680,'29117','Sofía','Ortiz','sofia.ortiz117@alumnos.frh.utn.edu.ar','$2y$10$W1V/bMtge0Y1w0w7LoT/p.ipmtO3HWv/jqRa44vcNLi63PoiMzpOC','alumno','N3',NULL,1,'2026-07-07 05:48:03',NULL,NULL,0,NULL),(681,'29118','Paula','Aguirre','paula.aguirre118@alumnos.frh.utn.edu.ar','$2y$10$HyHC6KDHwtXovkVnGzgrIeUBqPHzYMYyvBFURDsbJspRp.cBiFzqm','alumno','M2',NULL,1,'2026-07-07 05:48:03',NULL,NULL,0,NULL),(682,'29119','Luciana','Núñez','luciana.nunez119@alumnos.frh.utn.edu.ar','$2y$10$nvzHHwsWClB1RlmBgobQI.uEdx3d3bz0xJpr7AriDdtTxVutLoY5y','alumno','M3',NULL,1,'2026-07-07 05:48:03',NULL,NULL,0,NULL),(683,'29120','Romina','Romero','romina.romero120@alumnos.frh.utn.edu.ar','$2y$10$YqDfsVwqnQ3ygZ87ziK6nuQT5PQjUUIvYhukaQZZkqJc6DTbS7oLS','alumno','M3',NULL,1,'2026-07-07 05:48:03',NULL,NULL,0,NULL),(684,'29121','Nicolás','Pereyra','nicolas.pereyra121@alumnos.frh.utn.edu.ar','$2y$10$RB.9q1/NHJYGHfMj0iixnOYghIQbGezo4tNQ6kVTkxCKcwb6ilEUO','alumno','M2',NULL,1,'2026-07-07 05:48:04',NULL,NULL,0,NULL),(685,'29122','Luisina','Ibáñez','luisina.ibanez122@alumnos.frh.utn.edu.ar','$2y$10$vsmujtJMpC739ks/aV7mDOD3/B75uVbKuSyH43ZRP1Jw2byn3tDh2','alumno','N3',NULL,1,'2026-07-07 05:48:04',NULL,NULL,0,NULL),(686,'29123','Maximiliano','Villalba','maximiliano.villalba123@alumnos.frh.utn.edu.ar','$2y$10$m88K.5T2JOQgr7XzkrCYxO4ArhU2yjPGtZRoaJ/e4MoMuAijmEKS6','alumno','M1B',NULL,1,'2026-07-07 05:48:04',NULL,NULL,0,NULL),(687,'29124','Demián','Rodríguez','demian.rodriguez124@alumnos.frh.utn.edu.ar','$2y$10$/vWLxsVM0FYstCXD1Kiq4uU.rflFn1Tor9mLsWjnfz0RND6R.dacm','alumno','M1A',NULL,1,'2026-07-07 05:48:04',NULL,NULL,0,NULL),(688,'29125','Lorena','Acosta','lorena.acosta125@alumnos.frh.utn.edu.ar','$2y$10$0BP5k6fY1Dm2rO1sZQvfLu4qtw2IiCi80LvXHYprsvoG46yhsuKSq','alumno','N3',NULL,1,'2026-07-07 05:48:04',NULL,NULL,0,NULL),(689,'29126','Julieta','Pérez','julieta.perez126@alumnos.frh.utn.edu.ar','$2y$10$v9jrSlunJw0gnrA4O8gsXej3f3GWABxGlW0S8lOE9tMrh2eBDRg5m','alumno','N3',NULL,1,'2026-07-07 05:48:05',NULL,NULL,0,NULL),(690,'29127','Micaela','Sánchez','micaela.sanchez127@alumnos.frh.utn.edu.ar','$2y$10$wzwrLxa8weItm.PSIwWOxusapsrc42hb9skMZ2W4CkzfSqji7DaUC','alumno','M3',NULL,1,'2026-07-07 05:48:05',NULL,NULL,0,NULL),(691,'29128','Leandro','Navarro','leandro.navarro128@alumnos.frh.utn.edu.ar','$2y$10$3igBevHiDShZH2N1IxetL.xrn19.X6XS9zCe1/3JU88XhXmcDpdGi','alumno','N1',NULL,1,'2026-07-07 05:48:05',NULL,NULL,0,NULL),(692,'29129','Maximiliano','Álvarez','maximiliano.alvarez129@alumnos.frh.utn.edu.ar','$2y$10$KHMiW3MOu2uBe0O1xsuOMeUaYTdwVXntNJlir9pxEMx50C7/C6CXC','alumno','M2',NULL,1,'2026-07-07 05:48:05',NULL,NULL,0,NULL),(693,'29130','Paula','Flores','paula.flores130@alumnos.frh.utn.edu.ar','$2y$10$9/fm3DOrI4F7FC3L2jJrTOicYEHeROF9.GuIkMuBAMLwapLbMJiRC','alumno','N1',NULL,1,'2026-07-07 05:48:05',NULL,NULL,0,NULL),(694,'29131','Leandro','Leiva','leandro.leiva131@alumnos.frh.utn.edu.ar','$2y$10$vSzt665jA8/./S92JBf4PuCfzAmb6qcktlmslWxt2YD6YJ1bScGFe','alumno','N1',NULL,1,'2026-07-07 05:48:06',NULL,NULL,0,NULL),(695,'29132','Ramiro','Rodríguez','ramiro.rodriguez132@alumnos.frh.utn.edu.ar','$2y$10$3iGq3/.aUB7WDRSRVoWR6OSZjpZtDlPsb/kKdXuG33E3WmEwe0F0K','alumno','M4',NULL,1,'2026-07-07 05:48:06',NULL,NULL,0,NULL),(696,'29133','Luisina','Álvarez','luisina.alvarez133@alumnos.frh.utn.edu.ar','$2y$10$Cp89mkDYMPLydOBsywil..b7s0XMwEG9M9Kh7nCe1cyQdBHA30Xay','alumno','M4',NULL,1,'2026-07-07 05:48:06',NULL,NULL,0,NULL),(697,'29134','Karina','Benítez','karina.benitez134@alumnos.frh.utn.edu.ar','$2y$10$I3GZwoqR2wWzgjLREJLV/uQqmCIxYFwy9t6SWsjWfMaz8yTfjwSFW','alumno','M1B',NULL,1,'2026-07-07 05:48:06',NULL,NULL,0,NULL),(698,'29135','Gustavo','Vargas','gustavo.vargas135@alumnos.frh.utn.edu.ar','$2y$10$LL0u7IjgIo9XGdA0QmfeMuDa4uweIUsL7fGy6pifpNBxhlC3Omlc6','alumno','M2',NULL,1,'2026-07-07 05:48:06',NULL,NULL,0,NULL),(699,'29136','Luisina','Leiva','luisina.leiva136@alumnos.frh.utn.edu.ar','$2y$10$X7JFTt5laR0iFf8Ah21mReyzoo.v1EUkppYrHvFdY6/vZfM6E.Dv6','alumno','M4',NULL,1,'2026-07-07 05:48:07',NULL,NULL,0,NULL),(700,'29137','Micaela','Ponce','micaela.ponce137@alumnos.frh.utn.edu.ar','$2y$10$L7AIIEFnsTUPOXd4/gPZRurdceK6I4bV2jhPTLxw6P.MgIPNTTy12','alumno','M2',NULL,1,'2026-07-07 05:48:07',NULL,NULL,0,NULL),(701,'29138','Sebastián','Quiroga','sebastian.quiroga138@alumnos.frh.utn.edu.ar','$2y$10$8PfnDScWXJOuNPU/mHL7r.gEYMmfrm7alUVegSOUmmbfX8QMxk0JK','alumno','M1A',NULL,1,'2026-07-07 05:48:07',NULL,NULL,0,NULL),(702,'29139','Micaela','López','micaela.lopez139@alumnos.frh.utn.edu.ar','$2y$10$wE95orV5OUztScU0UOI7Y.tXNJVHFQeHUJffRQmQY3MCWdtxHF8gu','alumno','N3',NULL,1,'2026-07-07 05:48:07',NULL,NULL,0,NULL),(703,'29140','Antonella','Cabrera','antonella.cabrera140@alumnos.frh.utn.edu.ar','$2y$10$s2nlxyN2gYlLP9MUPiHD7exY.eTIKUHL0pjH.r1ijaPLOJ3fGtkuK','alumno','M2',NULL,1,'2026-07-07 05:48:07',NULL,NULL,0,NULL),(704,'29141','Camila','Flores','camila.flores141@alumnos.frh.utn.edu.ar','$2y$10$x9kIs5fQv.21HVnoqW26K.TcymuTzOxwqKyQZLEqVMkyVgnqqus1C','alumno','M4',NULL,1,'2026-07-07 05:48:07',NULL,NULL,0,NULL),(705,'29142','Demián','Suárez','demian.suarez142@alumnos.frh.utn.edu.ar','$2y$10$EChtFJtF8C9aOKbAhVy7kulKBuvlD/6TsIL9hJzC/gQ6Z68NVGiye','alumno','M1B',NULL,1,'2026-07-07 05:48:08',NULL,NULL,0,NULL),(706,'29143','Ramiro','Gutiérrez','ramiro.gutierrez143@alumnos.frh.utn.edu.ar','$2y$10$eeD8C2UWXnaikjp8WI0Uy.ojDfw1toDiUgR7UJPf8I0mztAhhGdza','alumno','M3',NULL,1,'2026-07-07 05:48:08',NULL,NULL,0,NULL),(707,'29144','Ramiro','Navarro','ramiro.navarro144@alumnos.frh.utn.edu.ar','$2y$10$LXIXvtIH/FQw7RbVWMTyPOdk5kgCA.475xc7.no9Kucttam8qcLGC','alumno','M1B',NULL,1,'2026-07-07 05:48:08',NULL,NULL,0,NULL),(708,'29145','Rocío','Torres','rocio.torres145@alumnos.frh.utn.edu.ar','$2y$10$fgmEJvqMvtBqYeIhZkM.gOxAe3VZIgSLSGhNY7L1t/v2lA2/Amb06','alumno','M1B',NULL,1,'2026-07-07 05:48:08',NULL,NULL,0,NULL),(709,'29146','Ariel','Pereyra','ariel.pereyra146@alumnos.frh.utn.edu.ar','$2y$10$OIiZdWNmK8Xnhar9t.V9eepGpWMxqL.snEPZVM4uBtiFyandO/wb6','alumno','M4',NULL,1,'2026-07-07 05:48:08',NULL,NULL,0,NULL),(710,'29147','Rocío','Rojas','rocio.rojas147@alumnos.frh.utn.edu.ar','$2y$10$cguepu0W6Mpm16qPdZcW6eXiV28a1OBR2BeiDBKc1RZEcVnmAngjG','alumno','M4',NULL,1,'2026-07-07 05:48:09',NULL,NULL,0,NULL),(711,'29148','Marcos','Campos','marcos.campos148@alumnos.frh.utn.edu.ar','$2y$10$lyvhOPMaW45kJka.FLu4OuxkJ/9S8ZtHaSWKrnsh3i2V1EnVK/RJm','alumno','M3',NULL,1,'2026-07-07 05:48:09',NULL,NULL,0,NULL),(712,'29149','Maximiliano','Acosta','maximiliano.acosta149@alumnos.frh.utn.edu.ar','$2y$10$7RiZo.MwybOEFtMrWxdlOOUAA8.ocNtWJPsOr7mOdgzGZgeDYWKOe','alumno','M1B',NULL,1,'2026-07-07 05:48:09',NULL,NULL,0,NULL),(713,'29150','Valeria','Gutiérrez','valeria.gutierrez150@alumnos.frh.utn.edu.ar','$2y$10$ZxZjHrPnqM5u07AnDcYvg.FMQGcLTuaFRi3Rrlk2UsooebFHfZZ6G','alumno','M1A',NULL,1,'2026-07-07 05:48:09',NULL,NULL,0,NULL),(714,'29151','Noelia','Martínez','noelia.martinez151@alumnos.frh.utn.edu.ar','$2y$10$ceYkdHNi//I5.ihXDqr3zOxiEiRDA2GhZHyHtVJrCL6B1dlgQNnlK','alumno','N3',NULL,1,'2026-07-07 05:48:09',NULL,NULL,0,NULL),(715,'29152','Joaquín','Díaz','joaquin.diaz152@alumnos.frh.utn.edu.ar','$2y$10$42AXKB997zqfLYK735cswO8treE32OjkkK7Usy/y9dpAI4h65tnvG','alumno','N1',NULL,1,'2026-07-07 05:48:10',NULL,NULL,0,NULL),(716,'29153','Agustina','Ponce','agustina.ponce153@alumnos.frh.utn.edu.ar','$2y$10$4fEMfz9PV1feG1K57idh/uoqL/1KXa9NF8FmB7ar6aaqKWgIHiam.','alumno','M3',NULL,1,'2026-07-07 05:48:10',NULL,NULL,0,NULL),(717,'29154','Sabrina','Rodríguez','sabrina.rodriguez154@alumnos.frh.utn.edu.ar','$2y$10$.hvv9lmFFQvF51BGfaZ5v.cq/NK7l2an4JEXiGj2tE0hjYsCij0AG','alumno','M3',NULL,1,'2026-07-07 05:48:10',NULL,NULL,0,NULL),(718,'29155','Daniela','Aguirre','daniela.aguirre155@alumnos.frh.utn.edu.ar','$2y$10$34jdPffC69e6q1Nix7cY7ux48W0JNpD96lM7pWQg0SR48OyggELda','alumno','M3',NULL,1,'2026-07-07 05:48:10',NULL,NULL,0,NULL),(719,'29156','Adrián','Castro','adrian.castro156@alumnos.frh.utn.edu.ar','$2y$10$PlhNChRstaVkcYuTtqfhwOoYE2WBP5WkPYDeXG8tMFjwS1XlXdqqy','alumno','M4',NULL,1,'2026-07-07 05:48:10',NULL,NULL,0,NULL),(720,'29157','Valentina','Ponce','valentina.ponce157@alumnos.frh.utn.edu.ar','$2y$10$aZ7OLSb7JRQELd7wmk1NMeoM0zJFNyFaG7t0WWEHUEEE4HBHmbP8y','alumno','N1',NULL,1,'2026-07-07 05:48:11',NULL,NULL,0,NULL),(721,'29158','Joaquín','Ponce','joaquin.ponce158@alumnos.frh.utn.edu.ar','$2y$10$U4eXtUo1AJIUxxF2TNmV2uphbvdJG0exr08B2NLv.62pEWhJrwzra','alumno','M4',NULL,1,'2026-07-07 05:48:11',NULL,NULL,0,NULL),(722,'29159','Noelia','Herrera','noelia.herrera159@alumnos.frh.utn.edu.ar','$2y$10$WtVJqx/Lt4kjMLvgB4FW0.tvBQZnPENZa0qI.mvgIlU/IW3oJIwyq','alumno','N3',NULL,1,'2026-07-07 05:48:11',NULL,NULL,0,NULL),(723,'29160','Ramiro','Morales','ramiro.morales160@alumnos.frh.utn.edu.ar','$2y$10$8dSw4zkyR8v2xrjZLzHGH.IdUO.WWwiCBrVQJiZFGFCWWenRyD2xC','alumno','M1A',NULL,1,'2026-07-07 05:48:11',NULL,NULL,0,NULL),(724,'29161','Julieta','Vega','julieta.vega161@alumnos.frh.utn.edu.ar','$2y$10$f2fsY1aNQJnIe/T1z65qd.M00B5IDa7dms4ZNNEIT7r29y3XEmqES','alumno','M1B',NULL,1,'2026-07-07 05:48:11',NULL,NULL,0,NULL),(725,'29162','Gustavo','González','gustavo.gonzalez162@alumnos.frh.utn.edu.ar','$2y$10$9HnNUy/CoR0RB9ZUp4DSJepInGIJQyCzUNnZrudXN/mR6hpbeQmCq','alumno','N1',NULL,1,'2026-07-07 05:48:12',NULL,NULL,0,NULL),(726,'29163','Karina','Castro','karina.castro163@alumnos.frh.utn.edu.ar','$2y$10$7WYaF4C4dMhPL70aBL0qROc.6p78/yiu72io3McFaILuqmu4ZsXq2','alumno','M4',NULL,1,'2026-07-07 05:48:12',NULL,NULL,0,NULL),(727,'29164','Noelia','Ruiz','noelia.ruiz164@alumnos.frh.utn.edu.ar','$2y$10$tO5h04TO3Hxt0sKvWAA.wuCFAH1..WoUAwqTKQBBlqsR6jLAgUcvq','alumno','M4',NULL,1,'2026-07-07 05:48:12',NULL,NULL,0,NULL),(728,'29165','Sofía','Paredes','sofia.paredes165@alumnos.frh.utn.edu.ar','$2y$10$mvKiWgcGq52hiCTOyFnZ8eMws2neeBc0eJTqlbKdM9UcoInCjKsc6','alumno','M2',NULL,1,'2026-07-07 05:48:12',NULL,NULL,0,NULL),(729,'29166','Luisina','Blanco','luisina.blanco166@alumnos.frh.utn.edu.ar','$2y$10$LzvWt1yL1ApvfDtv4HtvgeMVTbFC1LRhooTAhcY5vPOY7RLE5O8..','alumno','M4',NULL,1,'2026-07-07 05:48:12',NULL,NULL,0,NULL),(730,'29167','Florencia','Díaz','florencia.diaz167@alumnos.frh.utn.edu.ar','$2y$10$bZG7dW0oQmKZy7k/U00f5uXReb1euDZl5uwyJ7D.DpLnB.ftTOwlW','alumno','M2',NULL,1,'2026-07-07 05:48:13',NULL,NULL,0,NULL),(731,'29168','Noelia','Álvarez','noelia.alvarez168@alumnos.frh.utn.edu.ar','$2y$10$/gVyK7tYLx3KgE9MAmnGw.XxAhhl9fVeLP0OLHRS.MwnuH79DXxKS','alumno','M4',NULL,1,'2026-07-07 05:48:13',NULL,NULL,0,NULL),(732,'29169','Sebastián','Mendoza','sebastian.mendoza169@alumnos.frh.utn.edu.ar','$2y$10$93JG7.mhVTZx1DexeQRfSO6YmWx6fe.541Dw3O9/g.Xlcu.BoD94q','alumno','M1A',NULL,1,'2026-07-07 05:48:13',NULL,NULL,0,NULL),(733,'29170','Sabrina','Suárez','sabrina.suarez170@alumnos.frh.utn.edu.ar','$2y$10$08DH2ypX7Cqvk6Irbu4bnuMKQ8icVXWpvPnLiA/rTVVIKHPrxumAy','alumno','M3',NULL,1,'2026-07-07 05:48:13',NULL,NULL,0,NULL),(734,'29171','Mateo','Romero','mateo.romero171@alumnos.frh.utn.edu.ar','$2y$10$aCfXiLP2CoFZv/P93OHXX.ggV2avzhSDzuBujT6m.xk3L9UQhLLfy','alumno','M2',NULL,1,'2026-07-07 05:48:13',NULL,NULL,0,NULL),(735,'29172','Rodrigo','Benítez','rodrigo.benitez172@alumnos.frh.utn.edu.ar','$2y$10$SAghGFkeP6Kws1EXiph9N.qy0SC4vdvLIcTX57H1v7WACmDyM6RJy','alumno','M1A',NULL,1,'2026-07-07 05:48:14',NULL,NULL,0,NULL),(736,'29173','Ezequiel','Villalba','ezequiel.villalba173@alumnos.frh.utn.edu.ar','$2y$10$8vthoGvFr0VTBVlkZryn0OkpQVBX/JabdHoctZE8T89S1wgNgKsBa','alumno','M1A',NULL,1,'2026-07-07 05:48:14',NULL,NULL,0,NULL),(737,'29174','Nicolás','Núñez','nicolas.nunez174@alumnos.frh.utn.edu.ar','$2y$10$Kil7lCcWr5Ey6gW3wcklN.sPNl3dtu0ed/YbIskoh3zRoMrb3r4hm','alumno','M3',NULL,1,'2026-07-07 05:48:14',NULL,NULL,0,NULL),(738,'29175','Camila','Bravo','camila.bravo175@alumnos.frh.utn.edu.ar','$2y$10$UUEupMGJvv002LOUt0Up6ulhjmWkTutXGm5S.4U0hOdy0Y5M57cOq','alumno','M4',NULL,1,'2026-07-07 05:48:14',NULL,NULL,0,NULL),(739,'29176','Sebastián','Torres','sebastian.torres176@alumnos.frh.utn.edu.ar','$2y$10$dPR8Lo7K4GLljjTGRJW3zugu78WGpVGz26/ZvbYsti34dTKVZV78C','alumno','M1B',NULL,1,'2026-07-07 05:48:14',NULL,NULL,0,NULL),(740,'29177','Lorena','Ramos','lorena.ramos177@alumnos.frh.utn.edu.ar','$2y$10$c6O/L5bowmGqiGqXFw/4WeN2LG014aBSFMOOXtP6DaptiPRhsZLuq','alumno','M4',NULL,1,'2026-07-07 05:48:15',NULL,NULL,0,NULL),(741,'29178','Agustina','Castro','agustina.castro178@alumnos.frh.utn.edu.ar','$2y$10$55hrmMthRGIN6wQjFf5w9erXaaKsoZGIfv75EwBJmplif1GBSXaJK','alumno','M4',NULL,1,'2026-07-07 05:48:15',NULL,NULL,0,NULL),(742,'29179','Sabrina','Vega','sabrina.vega179@alumnos.frh.utn.edu.ar','$2y$10$Uuw6Co3D805cGH4OB9/2TuiSctso2ulK3G5JVUVhyU9KC26nVta8W','alumno','M1B',NULL,1,'2026-07-07 05:48:15',NULL,NULL,0,NULL),(743,'29180','Romina','Bravo','romina.bravo180@alumnos.frh.utn.edu.ar','$2y$10$lZ/.AFnGmoGvThQv3Zwvz.t0qZj1VSqlh2YyVgbS3uAYhyEKSHdOi','alumno','N1',NULL,1,'2026-07-07 05:48:15',NULL,NULL,0,NULL),(744,'29181','Verónica','Ramírez','veronica.ramirez181@alumnos.frh.utn.edu.ar','$2y$10$xMxt/oFrzfjYsUNvurkxzObo11xPJx7BcIuQ2pBOftnomAIfkFTdy','alumno','N1',NULL,1,'2026-07-07 05:48:15',NULL,NULL,0,NULL),(745,'29182','Rodrigo','Cabrera','rodrigo.cabrera182@alumnos.frh.utn.edu.ar','$2y$10$JBoMqQpljLCVHDLychyJCO20rTmBbHcRgGrh7soAEsHdRmPCEGScG','alumno','N1',NULL,1,'2026-07-07 05:48:15',NULL,NULL,0,NULL),(746,'29183','Ramiro','Silva','ramiro.silva183@alumnos.frh.utn.edu.ar','$2y$10$8.YnPTQrxHJ0536qLm0RWemrAWhp67jlA/Ngfq0JHmYq9JISLv8uC','alumno','M3',NULL,1,'2026-07-07 05:48:16',NULL,NULL,0,NULL),(747,'29184','Adrián','Molina','adrian.molina184@alumnos.frh.utn.edu.ar','$2y$10$yddctmywJtt5ELyPRFgFNe6YgzFXEhqXa6KPYLX56qATCxNbXGG.y','alumno','M1A',NULL,1,'2026-07-07 05:48:16',NULL,NULL,0,NULL),(748,'29185','Ezequiel','Acosta','ezequiel.acosta185@alumnos.frh.utn.edu.ar','$2y$10$vHZnweCvp1EQ2vjhPc/F6.W1E0pO.Cepq2dJy5Jd9pN2UhkDJtyEe','alumno','M1A',NULL,1,'2026-07-07 05:48:16',NULL,NULL,0,NULL),(749,'29186','Federico','Fernández','federico.fernandez186@alumnos.frh.utn.edu.ar','$2y$10$UvYcFPRNRZAqCnQk5y8ZZ.6SMrlTJIxsl.QpJ65eWe5V08fq/Y23G','alumno','M4',NULL,1,'2026-07-07 05:48:16',NULL,NULL,0,NULL),(750,'29187','Esteban','Acosta','esteban.acosta187@alumnos.frh.utn.edu.ar','$2y$10$kI3CB3vSNbFnRBAmKme8Y./D6Jl7.9G1yGOcaoci9ww/DlJwGQoJm','alumno','M4',NULL,1,'2026-07-07 05:48:16',NULL,NULL,0,NULL),(751,'29188','Micaela','González','micaela.gonzalez188@alumnos.frh.utn.edu.ar','$2y$10$GTbxftK73ufeG4jFhPweaucWkgvxMmhLyFfhT6vQYti4S/DxWvq86','alumno','M1A',NULL,1,'2026-07-07 05:48:17',NULL,NULL,0,NULL),(752,'29189','Demián','Paredes','demian.paredes189@alumnos.frh.utn.edu.ar','$2y$10$rzQgpDVAo5XEzj.UZ03/3eWTpTLMqeJHcWQRgATeR79996PXJKvZ2','alumno','M1A',NULL,1,'2026-07-07 05:48:17',NULL,NULL,0,NULL),(753,'29190','Micaela','Rodríguez','micaela.rodriguez190@alumnos.frh.utn.edu.ar','$2y$10$weNj7mWdgXA.5LPMovG0KOAl6CNU2VwIqZxDCvvkO2UdMS9IAUR2e','alumno','M1A',NULL,1,'2026-07-07 05:48:17',NULL,NULL,0,NULL),(754,'29191','Federico','Rodríguez','federico.rodriguez191@alumnos.frh.utn.edu.ar','$2y$10$Sh1oxKFpRMzDeZhoLGTHT.oGtUP8gkJqo650CAswLGT.1SBinnaHS','alumno','M4',NULL,1,'2026-07-07 05:48:17',NULL,NULL,0,NULL),(755,'29192','Ezequiel','Herrera','ezequiel.herrera192@alumnos.frh.utn.edu.ar','$2y$10$/YTzCjBwZobrD3K724Yg3uv.1H8cKDv6L.1qVd8tfyYgiYOPPkyLq','alumno','N1',NULL,1,'2026-07-07 05:48:17',NULL,NULL,0,NULL),(756,'29193','Cristian','Flores','cristian.flores193@alumnos.frh.utn.edu.ar','$2y$10$dEMJqnfJp1v5MxRYdYLTzeNR9EgeQ3g2hDppvFYo0xmwC4SbDTmWe','alumno','M4',NULL,1,'2026-07-07 05:48:18',NULL,NULL,0,NULL),(757,'29194','Martina','Núñez','martina.nunez194@alumnos.frh.utn.edu.ar','$2y$10$s7FsXhDz0pV4.Z.x7o0Do.1wbs5lBsDJv48nLzWdHeLLwoqD5Z9vy','alumno','M4',NULL,1,'2026-07-07 05:48:18',NULL,NULL,0,NULL),(758,'29195','Yanina','Ramos','yanina.ramos195@alumnos.frh.utn.edu.ar','$2y$10$8Ft2SYWB1HGYRfaxeKZGCeVpzsOk5bv/zslZCwCymx0IaFHZB3iei','alumno','M1B',NULL,1,'2026-07-07 05:48:18',NULL,NULL,0,NULL),(759,'29196','Brenda','Ríos','brenda.rios196@alumnos.frh.utn.edu.ar','$2y$10$MNlQZLs6BvYEbDxszLyLG.KNbKvtQ10MXTmLMnIuikVCqyRcD3D0i','alumno','M1B',NULL,1,'2026-07-07 05:48:18',NULL,NULL,0,NULL),(760,'29197','Sofía','Sánchez','sofia.sanchez197@alumnos.frh.utn.edu.ar','$2y$10$xMe7GvGHApj9mZOD8LlADeqdwpapUFFHlRX0ZID1GGp9tjrT6cvIS','alumno','N1',NULL,1,'2026-07-07 05:48:18',NULL,NULL,0,NULL),(761,'29198','Marcos','Ortiz','marcos.ortiz198@alumnos.frh.utn.edu.ar','$2y$10$KZPzRbAa69XwS3mypMSj9uDxZCWABL0BnwKfmc8UfofN5SeC0zX1O','alumno','M3',NULL,1,'2026-07-07 05:48:18',NULL,NULL,0,NULL),(762,'29199','Celeste','Navarro','celeste.navarro199@alumnos.frh.utn.edu.ar','$2y$10$v9rQ9l3y/g6yvOqomhfR2Oi4DJaGbOJc/ShpSCBot6Ubb48m.vISS','alumno','N3',NULL,1,'2026-07-07 05:48:19',NULL,NULL,0,NULL),(763,'29200','Karina','Martínez','karina.martinez200@alumnos.frh.utn.edu.ar','$2y$10$zT4Fy3YazitMOcrw1nTUM.ClbEWQvgkf1mxc.ZnMJmjpdt18AIj5a','alumno','N1',NULL,1,'2026-07-07 05:48:19',NULL,NULL,0,NULL),(764,'29201','Ramiro','Cáceres','ramiro.caceres201@alumnos.frh.utn.edu.ar','$2y$10$3Qq/rXElvn8xOi4QtZmcUeoc1MXgq6vicqXMFYA9YDffSfWVqANlC','alumno','M1A',NULL,1,'2026-07-07 05:48:19',NULL,NULL,0,NULL),(765,'29202','Santiago','Cabrera','santiago.cabrera202@alumnos.frh.utn.edu.ar','$2y$10$MvaukertNaKDgnI/dXhnBeigEYX8Y53Lxg9XZm0M/e8FS4u0bsbZy','alumno','N1',NULL,1,'2026-07-07 05:48:19',NULL,NULL,0,NULL),(766,'29203','Federico','Sánchez','federico.sanchez203@alumnos.frh.utn.edu.ar','$2y$10$pJNX5mVF9xNlCbPFC/6W2uV0VqURrifLQkKTjjiCa4uNOw8jt6YVm','alumno','M1B',NULL,1,'2026-07-07 05:48:19',NULL,NULL,0,NULL),(767,'29204','Florencia','Ramírez','florencia.ramirez204@alumnos.frh.utn.edu.ar','$2y$10$vTp1/XX5QoxCm37QFNCLSu2IymnEb9J7x/Q/mkGi1Bc3HjdH8UCYK','alumno','M4',NULL,1,'2026-07-07 05:48:20',NULL,NULL,0,NULL),(768,'29205','Natalia','Torres','natalia.torres205@alumnos.frh.utn.edu.ar','$2y$10$.zkqsDA//4Qbso/FpzVlS.AQZqpQWhG7evWF6tMfRahjpaCuIuAWO','alumno','M3',NULL,1,'2026-07-07 05:48:20',NULL,NULL,0,NULL),(769,'29206','Facundo','Herrera','facundo.herrera206@alumnos.frh.utn.edu.ar','$2y$10$3Y7WRvE.Mrik0VXLFltxiOYwKZLbid4646lymG2B2fM6ZuPzOFkxa','alumno','M3',NULL,1,'2026-07-07 05:48:20',NULL,NULL,0,NULL),(770,'29207','Ezequiel','Rodríguez','ezequiel.rodriguez207@alumnos.frh.utn.edu.ar','$2y$10$YbOxsMjB5RGiyC7/tgpMnuTaCdm7DVoq8RM3eTholL0oR4q/C296a','alumno','M3',NULL,1,'2026-07-07 05:48:20',NULL,NULL,0,NULL),(771,'29208','Esteban','Sánchez','esteban.sanchez208@alumnos.frh.utn.edu.ar','$2y$10$GB6BU4on0k.Hq2TLtEbWAePMzTQxbO8T.3uSp5EcIyLiRHpFEgedm','alumno','M1A',NULL,1,'2026-07-07 05:48:20',NULL,NULL,0,NULL),(772,'29209','Ramiro','Gómez','ramiro.gomez209@alumnos.frh.utn.edu.ar','$2y$10$6NgAecD7eH1TQuximSBH9.rQYyRX48IpqqYzlIgzUcVQggdqFspCu','alumno','N3',NULL,1,'2026-07-07 05:48:21',NULL,NULL,0,NULL),(773,'29210','Valentina','Pérez','valentina.perez210@alumnos.frh.utn.edu.ar','$2y$10$LHyS6fpHnOPtcjj53lOWHOuIHuwGojUD8f064SVpBwrxhijt5J256','alumno','N3',NULL,1,'2026-07-07 05:48:21',NULL,NULL,0,NULL),(774,'29211','Ezequiel','Álvarez','ezequiel.alvarez211@alumnos.frh.utn.edu.ar','$2y$10$cCQsVuyQSCT7kQAjjJsq3.Qe33XG0r4NU2IRvX4LtHh8u89SHu6Pe','alumno','M3',NULL,1,'2026-07-07 05:48:21',NULL,NULL,0,NULL),(775,'29212','Cristian','Ramos','cristian.ramos212@alumnos.frh.utn.edu.ar','$2y$10$WEWpkFeS0loQEz85WqspR.Rq8NL8YTAQfOYEuzBF.90AvdRenIYAq','alumno','M1B',NULL,1,'2026-07-07 05:48:21',NULL,NULL,0,NULL),(776,'29213','Hernán','Martínez','hernan.martinez213@alumnos.frh.utn.edu.ar','$2y$10$qbxs0UU9JiqY0AQHK0n./.gAEuwOE9aH4Bcpp2VlaUY0Jj0pXj462','alumno','M1B',NULL,1,'2026-07-07 05:48:21',NULL,NULL,0,NULL),(777,'29214','Daniela','González','daniela.gonzalez214@alumnos.frh.utn.edu.ar','$2y$10$mGKt3AoAQB6KkvG7D.bbGuIt7BrpoCTnmyf3pGS9gETAnMc6AVai2','alumno','M3',NULL,1,'2026-07-07 05:48:22',NULL,NULL,0,NULL),(778,'29215','Rocío','Navarro','rocio.navarro215@alumnos.frh.utn.edu.ar','$2y$10$mVaoA6owa35inW76KfaKgOh6wCGmi7qQy5VjRBMYQFmCsYE0c1Q4O','alumno','M2',NULL,1,'2026-07-07 05:48:22',NULL,NULL,0,NULL),(779,'29216','Marcos','Leiva','marcos.leiva216@alumnos.frh.utn.edu.ar','$2y$10$yHcExXEZ7piEJhkSanhHa.nadaVK76Bz46nNoIpYs35kXzsFo3eNK','alumno','N1',NULL,1,'2026-07-07 05:48:22',NULL,NULL,0,NULL),(780,'29217','Esteban','Luna','esteban.luna217@alumnos.frh.utn.edu.ar','$2y$10$odA3PdHq9FT0uR4XdzxfpuSibWfYTaqDFzT8aDHEh75HQxjhqtaBi','alumno','N1',NULL,1,'2026-07-07 05:48:22',NULL,NULL,0,NULL),(781,'29218','Cristian','Díaz','cristian.diaz218@alumnos.frh.utn.edu.ar','$2y$10$vGNqLIUDbU1lxJQV2Ny23uTJcsX8MvwibqNZKHcoXwAa4eLDJqjOG','alumno','M1B',NULL,1,'2026-07-07 05:48:22',NULL,NULL,0,NULL),(782,'29219','Julieta','Flores','julieta.flores219@alumnos.frh.utn.edu.ar','$2y$10$apwTZdbgqmt/HKMNQ5WUX.JSn0f8hm6DK02CEqqOP4SJX4uzh8MrW','alumno','M1A',NULL,1,'2026-07-07 05:48:23',NULL,NULL,0,NULL),(783,'29220','Diego','Rojas','diego.rojas220@alumnos.frh.utn.edu.ar','$2y$10$t8LfotP5YumHbofnePR2KuZBztTsCTN9KS.PWc8J/26zvBs3H6E3m','alumno','M4',NULL,1,'2026-07-07 05:48:23',NULL,NULL,0,NULL),(784,'29221','Santiago','Rojas','santiago.rojas221@alumnos.frh.utn.edu.ar','$2y$10$l8L5pUuJwqrLBQF9ExGvY.4vO9VXoXRMYdBMU2nneogUbTBYCV5mu','alumno','M2',NULL,1,'2026-07-07 05:48:23',NULL,NULL,0,NULL),(785,'29222','Santiago','Martínez','santiago.martinez222@alumnos.frh.utn.edu.ar','$2y$10$nGZjZW5gUw9FIZLM7HxKi.rHd0GOodHFcNe8JlNxcKwOX/TwP4I06','alumno','M4',NULL,1,'2026-07-07 05:48:23',NULL,NULL,0,NULL),(786,'29223','Brenda','Blanco','brenda.blanco223@alumnos.frh.utn.edu.ar','$2y$10$hFIs9.SHrivxL.g2lLuatuoQG6tG3dK/1wD/gyvVa8Amcxo5HSQ4e','alumno','N3',NULL,1,'2026-07-07 05:48:23',NULL,NULL,0,NULL),(787,'29224','Adrián','Álvarez','adrian.alvarez224@alumnos.frh.utn.edu.ar','$2y$10$U1cK7UbYaTQBHzvmlOYVC.fRdxLcpfzjwJYDlqM2AJ2ZaEAiRH9q.','alumno','M1A',NULL,1,'2026-07-07 05:48:24',NULL,NULL,0,NULL),(788,'29225','Valeria','Pérez','valeria.perez225@alumnos.frh.utn.edu.ar','$2y$10$U4tG.tAL3prRHzWg35eJXecBxvphn3BXnwFm4B100/jjFm6IZlDny','alumno','N3',NULL,1,'2026-07-07 05:48:24',NULL,NULL,0,NULL),(789,'29226','Facundo','Rodríguez','facundo.rodriguez226@alumnos.frh.utn.edu.ar','$2y$10$Awdh.DelY7COY7U.J2EteeFY4ToicyB4X0KYeLKxZ8kitIeEZhfq2','alumno','M4',NULL,1,'2026-07-07 05:48:24',NULL,NULL,0,NULL),(790,'29227','Camila','Ponce','camila.ponce227@alumnos.frh.utn.edu.ar','$2y$10$OIn7N8g/B.9faKzgx1XwLujgsMl.J70./FN1ZKwG/oJC6B559NneG','alumno','N3',NULL,1,'2026-07-07 05:48:24',NULL,NULL,0,NULL),(791,'29228','Ezequiel','Cabrera','ezequiel.cabrera228@alumnos.frh.utn.edu.ar','$2y$10$95tXBFf5IAWVASVe4iqGde.wBQf8xbGILPGa7pw8vyRPwx/uCcC7K','alumno','M1A',NULL,1,'2026-07-07 05:48:24',NULL,NULL,0,NULL),(792,'29229','Yanina','Benítez','yanina.benitez229@alumnos.frh.utn.edu.ar','$2y$10$Y7o7WN1/1iDwkPwSf8N9lOMygoLBJsPO0Dj7R/cm.za9AzPBQ0dPi','alumno','M4',NULL,1,'2026-07-07 05:48:25',NULL,NULL,0,NULL),(793,'29230','Sabrina','López','sabrina.lopez230@alumnos.frh.utn.edu.ar','$2y$10$vpEMPDhuUs1Fm0vSG6nRiu3mba2HlhSe7IKMiZ.U4CR.voF4mzgkG','alumno','M4',NULL,1,'2026-07-07 05:48:25',NULL,NULL,0,NULL),(794,'29231','Nicolás','Ríos','nicolas.rios231@alumnos.frh.utn.edu.ar','$2y$10$PJ0fAsDi.MG7OuwdxKbyXeDImRbzagAXZiZ4nciMhSdcvBeStbrym','alumno','N1',NULL,1,'2026-07-07 05:48:25',NULL,NULL,0,NULL),(795,'29232','Diego','Villalba','diego.villalba232@alumnos.frh.utn.edu.ar','$2y$10$YZNmivz6FS67PKdM5WOrbOSTcnAos1Mui3ZZYNQEjuXLGgarWXt5S','alumno','M4',NULL,1,'2026-07-07 05:48:25',NULL,NULL,0,NULL),(796,'29233','Antonella','Castro','antonella.castro233@alumnos.frh.utn.edu.ar','$2y$10$rGb3tj4TSGstl8n1xHEtbO/0.XL5pJ8HYy6BO/pPgbyR64jdvYow6','alumno','M1B',NULL,1,'2026-07-07 05:48:25',NULL,NULL,0,NULL),(797,'29234','Lorena','Montes','lorena.montes234@alumnos.frh.utn.edu.ar','$2y$10$P9CaTpv.XYM/u7g4XnQPX.ei58zuRFsEYW9PpYcDFse3gbJUtmky6','alumno','M2',NULL,1,'2026-07-07 05:48:25',NULL,NULL,0,NULL),(798,'29235','Ezequiel','Castro','ezequiel.castro235@alumnos.frh.utn.edu.ar','$2y$10$w8D519wf1cEgu1w6z72C0.tI5E5b9rJ2OiJm4sYtif6oIyShoRD7C','alumno','M3',NULL,1,'2026-07-07 05:48:26',NULL,NULL,0,NULL),(799,'29236','Martina','Luna','martina.luna236@alumnos.frh.utn.edu.ar','$2y$10$qzrAFQfaI0N3wqhVNKYQxeLF885e55lgOmCAuI.emR78iYSxhc3tq','alumno','N1',NULL,1,'2026-07-07 05:48:26',NULL,NULL,0,NULL),(800,'29237','Rodrigo','Navarro','rodrigo.navarro237@alumnos.frh.utn.edu.ar','$2y$10$L1oxsF3tPz/7GhhBoXQL6OQK9QQCrAEBG82s73tBX8WHo31WrmJvG','alumno','M2',NULL,1,'2026-07-07 05:48:26',NULL,NULL,0,NULL),(801,'29238','Noelia','Rodríguez','noelia.rodriguez238@alumnos.frh.utn.edu.ar','$2y$10$BBaW9P819OAwvOOd0bHbruGIbOEriqsC21sCXMAambxS0gxnKBTji','alumno','M1A',NULL,1,'2026-07-07 05:48:26',NULL,NULL,0,NULL),(802,'29239','Gustavo','Ibáñez','gustavo.ibanez239@alumnos.frh.utn.edu.ar','$2y$10$bVWntIJ.WOBq4243fsOO9.jh0pEWyz1FF0lsq9tBYGBIhb5TZrrKa','alumno','M4',NULL,1,'2026-07-07 05:48:26',NULL,NULL,0,NULL),(803,'29240','Sofía','Rodríguez','sofia.rodriguez240@alumnos.frh.utn.edu.ar','$2y$10$LmFkQij4yOu7OY76PePW0exkMu2yrVz87O1rq/a5CaKMeuOF/Ewda','alumno','M4',NULL,1,'2026-07-07 05:48:27',NULL,NULL,0,NULL),(804,'29241','Ignacio','Blanco','ignacio.blanco241@alumnos.frh.utn.edu.ar','$2y$10$kSKbqAKU0PBIHKsRe/ilOeaSBigdGhuVwLvahP/2FPrs3LyusnuVu','alumno','M2',NULL,1,'2026-07-07 05:48:27',NULL,NULL,0,NULL),(805,'29242','Martina','Ortiz','martina.ortiz242@alumnos.frh.utn.edu.ar','$2y$10$ALz/bo95EnPfX8i7uq.zJ.ldhdBXISbH0qdWmr9qf9L6sJ1Fknmb.','alumno','M1A',NULL,1,'2026-07-07 05:48:27',NULL,NULL,0,NULL),(806,'29243','Ezequiel','Silva','ezequiel.silva243@alumnos.frh.utn.edu.ar','$2y$10$9a7tIKTJhRfexZAz9iKIyOoWWLGgDfjY2X8wDqwQoZvEtGYkJrA5m','alumno','M2',NULL,1,'2026-07-07 05:48:27',NULL,NULL,0,NULL),(807,'29244','Agustina','Molina','agustina.molina244@alumnos.frh.utn.edu.ar','$2y$10$K5aIStXZ3LxbRCvl0YcA/eXC.yBbArd7nij9X2w.WgPgSsisWP.1G','alumno','N3',NULL,1,'2026-07-07 05:48:27',NULL,NULL,0,NULL),(808,'29245','Romina','Montes','romina.montes245@alumnos.frh.utn.edu.ar','$2y$10$kXaXNY3B0f3dtohCFsorJekpZrkM3BHWt2GwrttdvA4lK3iK0iHpS','alumno','M2',NULL,1,'2026-07-07 05:48:28',NULL,NULL,0,NULL),(809,'29246','Alejandro','Cáceres','alejandro.caceres246@alumnos.frh.utn.edu.ar','$2y$10$M0ENuY2.e/Csmf0UkLyl6Od7Lq9i66s5dR/LnidFvd9GVrjKW6Mw2','alumno','M4',NULL,1,'2026-07-07 05:48:28',NULL,NULL,0,NULL),(810,'29247','Valentina','Luna','valentina.luna247@alumnos.frh.utn.edu.ar','$2y$10$iqwCXdERYo7yti2TiHnyneTqR4HJTe/q4KRJDop9R45nm4jO.Dqku','alumno','N3',NULL,1,'2026-07-07 05:48:28',NULL,NULL,0,NULL),(811,'29248','Esteban','Giménez','esteban.gimenez248@alumnos.frh.utn.edu.ar','$2y$10$J/4h6k83W.6YXBwlDRRt6uFJF761fSgnhTxoxQieDUG5FTIaNtM9q','alumno','N1',NULL,1,'2026-07-07 05:48:28',NULL,NULL,0,NULL),(812,'29249','Sofía','Torres','sofia.torres249@alumnos.frh.utn.edu.ar','$2y$10$Ggy.LN1feSgexRtFDrjVcescWBxMG1rCxGzMbps6hPkuoier0LU66','alumno','M2',NULL,1,'2026-07-07 05:48:28',NULL,NULL,0,NULL),(813,'29250','Joaquín','Sánchez','joaquin.sanchez250@alumnos.frh.utn.edu.ar','$2y$10$n28hJMPkbV3Pjj0z9dHxPOUjsp8iZuDVp9vgUZ0Ntxc/lIcgGenlK','alumno','N1',NULL,1,'2026-07-07 05:48:28',NULL,NULL,0,NULL),(814,'29251','Esteban','Díaz','esteban.diaz251@alumnos.frh.utn.edu.ar','$2y$10$hERC24jf7tl6e3SR8hwOYeiaBFRZmrccEORwJv06HFWe9KP3IOnm.','alumno','M2',NULL,1,'2026-07-07 05:48:29',NULL,NULL,0,NULL),(815,'29252','Julieta','Aguirre','julieta.aguirre252@alumnos.frh.utn.edu.ar','$2y$10$BToGeKajso3W/rXxK/BnguE0XYR/oasot.EONJI4GarrW7hKB46rm','alumno','M1B',NULL,1,'2026-07-07 05:48:29',NULL,NULL,0,NULL),(816,'29253','Demián','Morales','demian.morales253@alumnos.frh.utn.edu.ar','$2y$10$aB1JCXYSSNtlj2mnV9cCwuAJWEIZno/KHD9mYRUKTxm4RAP/eHr0W','alumno','M1B',NULL,1,'2026-07-07 05:48:29',NULL,NULL,0,NULL),(817,'29254','Mauricio','Paredes','mauricio.paredes254@alumnos.frh.utn.edu.ar','$2y$10$0mQcKjQqAydTwh6LNDVCIeXjmRpC3PL/3.crwxx97KKdZGKFIbYJy','alumno','N3',NULL,1,'2026-07-07 05:48:29',NULL,NULL,0,NULL),(818,'29255','Rocío','Blanco','rocio.blanco255@alumnos.frh.utn.edu.ar','$2y$10$LqWihcUAli7vDN1FmvhfxOsRJ4egvfMYAwqmu6n9LZIENl1CDl8d.','alumno','M3',NULL,1,'2026-07-07 05:48:29',NULL,NULL,0,NULL),(819,'29256','Rocío','Martínez','rocio.martinez256@alumnos.frh.utn.edu.ar','$2y$10$20ic30A949gt0ZktKQ/psuSj8Dtax/qROFmgpU3iJO/lhvYuQg3/O','alumno','M1A',NULL,1,'2026-07-07 05:48:30',NULL,NULL,0,NULL),(820,'29257','Luisina','Vega','luisina.vega257@alumnos.frh.utn.edu.ar','$2y$10$7gIwHcwBTKCJgFdyTH9wd.mXGESdu6Tv1FRIUNliZCcFM52GvDYYC','alumno','N3',NULL,1,'2026-07-07 05:48:30',NULL,NULL,0,NULL),(821,'29258','Leandro','López','leandro.lopez258@alumnos.frh.utn.edu.ar','$2y$10$xdifCHEUzjPp/cWU92q7Yuao5DTvtTjooh14w6s6YMeM81UeIkhvS','alumno','M1A',NULL,1,'2026-07-07 05:48:30',NULL,NULL,0,NULL),(822,'29259','Federico','Quiroga','federico.quiroga259@alumnos.frh.utn.edu.ar','$2y$10$e3dicc7aqBs9qbw/lTrL.O3UB2.ykmq5atWDgx.3b2PQw5GhUhKo6','alumno','M1B',NULL,1,'2026-07-07 05:48:30',NULL,NULL,0,NULL),(823,'29260','Luisina','Castro','luisina.castro260@alumnos.frh.utn.edu.ar','$2y$10$MiGY8LC5MKmp7jSZEJoyzO6.OpSE2xQ4nx1oTImGF7wwKWTE/rqL6','alumno','M1B',NULL,1,'2026-07-07 05:48:30',NULL,NULL,0,NULL),(824,'29261','Ariel','Molina','ariel.molina261@alumnos.frh.utn.edu.ar','$2y$10$UeM1Hdtd9HvdTtpfGhEyy.S6GgLTJxVt.EegZITvpIzc8Jt0v6NnO','alumno','M4',NULL,1,'2026-07-07 05:48:31',NULL,NULL,0,NULL),(825,'29262','Demián','Vega','demian.vega262@alumnos.frh.utn.edu.ar','$2y$10$7WQNIiNnxCCO4KCHpH9LG.0qVlyLF9XAQhoXmjrDOXEFq1ZRz7GQS','alumno','M4',NULL,1,'2026-07-07 05:48:31',NULL,NULL,0,NULL),(826,'29263','Valentina','Romero','valentina.romero263@alumnos.frh.utn.edu.ar','$2y$10$TbmArQSLn8nffcSOC9gKHuSVFFEBObLPpJnnbCWuetWeDA36DwQb6','alumno','M1A',NULL,1,'2026-07-07 05:48:31',NULL,NULL,0,NULL),(827,'29264','Verónica','Díaz','veronica.diaz264@alumnos.frh.utn.edu.ar','$2y$10$hrR5XZdbjnzZ2aO/L8YJDexxySNRx7zLP90RU0itWuTjLJsfFXQkq','alumno','M4',NULL,1,'2026-07-07 05:48:31',NULL,NULL,0,NULL),(828,'29265','Luciana','Silva','luciana.silva265@alumnos.frh.utn.edu.ar','$2y$10$FlXRzFKpgJSMWiJhncxzbOrYlBf4QjgrrLbvG7vxtZiaRqQ9s4tnu','alumno','M4',NULL,1,'2026-07-07 05:48:31',NULL,NULL,0,NULL),(829,'29266','Esteban','Díaz','esteban.diaz266@alumnos.frh.utn.edu.ar','$2y$10$FMtUymzElSqihVdRdjKIAu5FdZ3E50nymUKzGMBOlQ4GlWBDtdnH2','alumno','M3',NULL,1,'2026-07-07 05:48:31',NULL,NULL,0,NULL),(830,'29267','Martina','López','martina.lopez267@alumnos.frh.utn.edu.ar','$2y$10$k1da0XhmZPJNUeurYdkvxuEGpEtsg7r9NxZK4wkoS516ZH2dYiLVq','alumno','M2',NULL,1,'2026-07-07 05:48:32',NULL,NULL,0,NULL),(831,'29268','Maximiliano','López','maximiliano.lopez268@alumnos.frh.utn.edu.ar','$2y$10$V228ICkuGByuAgwN6skLTeHGYqwFu4ckVf4gIVeNR1feZHg8gOWdy','alumno','M2',NULL,1,'2026-07-07 05:48:32',NULL,NULL,0,NULL),(832,'29269','Ignacio','Ponce','ignacio.ponce269@alumnos.frh.utn.edu.ar','$2y$10$rIp4JeAriUCu.BgoRu2ex.fOW1pWfE3aezyleYvcq/cLV7QlWP17W','alumno','M1B',NULL,1,'2026-07-07 05:48:32',NULL,NULL,0,NULL),(833,'29270','Lorena','Sánchez','lorena.sanchez270@alumnos.frh.utn.edu.ar','$2y$10$8w1ym42yHWtX2jcXeRHIIekmsndkSJ8gI2tJvsZOCLkUz2Wv0.V.C','alumno','M2',NULL,1,'2026-07-07 05:48:32',NULL,NULL,0,NULL),(834,'29271','Sebastián','Pereyra','sebastian.pereyra271@alumnos.frh.utn.edu.ar','$2y$10$DRg8vKoNtbk6Pv2qtoRDaeIQpgjdyChSmn0EYRHC779MFShtzUK92','alumno','N3',NULL,1,'2026-07-07 05:48:32',NULL,NULL,0,NULL),(835,'29272','Celeste','Ibáñez','celeste.ibanez272@alumnos.frh.utn.edu.ar','$2y$10$5eytzok.Ojg6WLiobiPqBOOAxgweEAcidCuU18QuptCqAItpi6346','alumno','N1',NULL,1,'2026-07-07 05:48:33',NULL,NULL,0,NULL),(836,'29273','Tomás','Benítez','tomas.benitez273@alumnos.frh.utn.edu.ar','$2y$10$kiEowLmx0ZrAJWkhkb.5veFc/2UNubxWSdwUDeFKFAtY5Kx9t/OwC','alumno','N3',NULL,1,'2026-07-07 05:48:33',NULL,NULL,0,NULL),(837,'29274','Agustina','Ruiz','agustina.ruiz274@alumnos.frh.utn.edu.ar','$2y$10$EwfkVT50QQXohnzLdPPi/uRyNnRbS0ZGLEGSW5d5KikeIYR7ssWNW','alumno','M3',NULL,1,'2026-07-07 05:48:33',NULL,NULL,0,NULL),(838,'29275','Mateo','Ruiz','mateo.ruiz275@alumnos.frh.utn.edu.ar','$2y$10$Ul2S4tqfT2Kxfb3FTnazf.rK/nRmxpwL2WrUVhomG1nf2hzM2I51S','alumno','N1',NULL,1,'2026-07-07 05:48:33',NULL,NULL,0,NULL),(839,'29276','Federico','Ríos','federico.rios276@alumnos.frh.utn.edu.ar','$2y$10$3bsMHS37PeE5orodXvICM.I1NDOEwMEn.LwgShlPWptylBLPagVF.','alumno','N3',NULL,1,'2026-07-07 05:48:33',NULL,NULL,0,NULL),(840,'29277','Lorena','Rojas','lorena.rojas277@alumnos.frh.utn.edu.ar','$2y$10$090zvPS2jSBTvs058ug1Jektr1PjmJM.Z3qXtdH1yWESoE8VkITQW','alumno','N3',NULL,1,'2026-07-07 05:48:34',NULL,NULL,0,NULL),(841,'29278','Ezequiel','Herrera','ezequiel.herrera278@alumnos.frh.utn.edu.ar','$2y$10$YDIbg4yoc9cCf48zgdXl/.3xBTJnBnWNG5OxlH/fg/UMbKwWDx.iC','alumno','M1B',NULL,1,'2026-07-07 05:48:34',NULL,NULL,0,NULL),(842,'29279','Verónica','Sánchez','veronica.sanchez279@alumnos.frh.utn.edu.ar','$2y$10$h5ZNfzLiXN72jG8BHlBzTeI0yCuUltQaGgt3He4ALN0UBPvK35mu.','alumno','M3',NULL,1,'2026-07-07 05:48:34',NULL,NULL,0,NULL),(843,'29280','Luciana','Ramos','luciana.ramos280@alumnos.frh.utn.edu.ar','$2y$10$QrkkQdM0RFKo9ug0t7W4qePcufBmnlZDqHKqc9BPuj7iIJpfP6wpW','alumno','M1B',NULL,1,'2026-07-07 05:48:34',NULL,NULL,0,NULL),(844,'29281','Florencia','Navarro','florencia.navarro281@alumnos.frh.utn.edu.ar','$2y$10$Pp89Ky/6fl5IC.pwEfs4yegtSErvrQW.w9XxqN0waYgdyvYx/eZCa','alumno','M2',NULL,1,'2026-07-07 05:48:34',NULL,NULL,0,NULL),(845,'29282','Rodrigo','Acosta','rodrigo.acosta282@alumnos.frh.utn.edu.ar','$2y$10$/vIgP/S5Q7UM0OY0P.2XU..ULuGq6aO5L4ciOO30oG3pHHvY8.jWu','alumno','M1B',NULL,1,'2026-07-07 05:48:34',NULL,NULL,0,NULL),(846,'29283','Mateo','Luna','mateo.luna283@alumnos.frh.utn.edu.ar','$2y$10$skQj9bVH8LsBmvtZbDBGK.O9l0g0ShDuwPi7YQdiuesi3rJv19iCS','alumno','M1B',NULL,1,'2026-07-07 05:48:35',NULL,NULL,0,NULL),(847,'29284','Hernán','Morales','hernan.morales284@alumnos.frh.utn.edu.ar','$2y$10$bHg9f5wRgL47vyfP5yjSm.t1t4q2j5LOrVKtN1y9.I3D4KefEi0/W','alumno','M2',NULL,1,'2026-07-07 05:48:35',NULL,NULL,0,NULL),(848,'29285','Camila','Quiroga','camila.quiroga285@alumnos.frh.utn.edu.ar','$2y$10$OSiiN6yabDuB4vRmm9SNN.tb/USQMh0ODH4f5d4sbMQ98xlrKlQAm','alumno','M2',NULL,1,'2026-07-07 05:48:35',NULL,NULL,0,NULL),(849,'29286','Paula','Cáceres','paula.caceres286@alumnos.frh.utn.edu.ar','$2y$10$fcYlzBF15dlb/dBQ02aQk.m4CbAIKtPoyq0u/GE39NO8/XPd.QpO6','alumno','M4',NULL,1,'2026-07-07 05:48:35',NULL,NULL,0,NULL),(850,'29287','Hernán','Ponce','hernan.ponce287@alumnos.frh.utn.edu.ar','$2y$10$Ebb/habGVkBGpIt8OmA7J.tyFG2tBlr4TP.BcOsChRTSq4YRkfi7y','alumno','N3',NULL,1,'2026-07-07 05:48:35',NULL,NULL,0,NULL),(851,'29288','Romina','Morales','romina.morales288@alumnos.frh.utn.edu.ar','$2y$10$C/OotjEciNtzLYgBDpMzWe7D3G/aDYDWEpkgHe6HLDDre54kIXpHW','alumno','M1A',NULL,1,'2026-07-07 05:48:36',NULL,NULL,0,NULL),(852,'29289','Joaquín','Castro','joaquin.castro289@alumnos.frh.utn.edu.ar','$2y$10$VZkPz6iTmNg6uaZrzmaQzOMWU9uVM2lC9IN9IBPvYZEsxPNSDzbrq','alumno','M1B',NULL,1,'2026-07-07 05:48:36',NULL,NULL,0,NULL),(853,'29290','Diego','Castro','diego.castro290@alumnos.frh.utn.edu.ar','$2y$10$2Qmese5DNHaF38YnIiNM3OciIwcpy8hH0trRwS3cgEYLERl/60h6y','alumno','M1A',NULL,1,'2026-07-07 05:48:36',NULL,NULL,0,NULL),(854,'29291','Sofía','Aguirre','sofia.aguirre291@alumnos.frh.utn.edu.ar','$2y$10$lcSegYLLGa3ycBMgdelhYeZ.dX1Z8RN0h.iFtJp2C1cKwu3dm.3sK','alumno','M3',NULL,1,'2026-07-07 05:48:36',NULL,NULL,0,NULL),(855,'29292','Paula','Núñez','paula.nunez292@alumnos.frh.utn.edu.ar','$2y$10$EXIOd8cjHwu3BzaDw3byGeCxgL2qjgxwQvuRzgp.WEbbyABnU2kDe','alumno','N3',NULL,1,'2026-07-07 05:48:36',NULL,NULL,0,NULL),(856,'29293','Antonella','Vega','antonella.vega293@alumnos.frh.utn.edu.ar','$2y$10$7vMbndVy2BDlnVY7k8ZpD.0GXAGngtBgWKop3Ie/scX/2CTr94gJ6','alumno','M4',NULL,1,'2026-07-07 05:48:37',NULL,NULL,0,NULL),(857,'29294','Valeria','Romero','valeria.romero294@alumnos.frh.utn.edu.ar','$2y$10$hjTlnLp4VHPsczRWvgUxIOhixVJeCuC0QrBcQVTti39c1yrX5Y7iK','alumno','M3',NULL,1,'2026-07-07 05:48:37',NULL,NULL,0,NULL),(858,'29295','Yanina','Ramírez','yanina.ramirez295@alumnos.frh.utn.edu.ar','$2y$10$txN1tdLVvNEtfqEnz/GLvOdcH.EqkMsoJjVCieMI5pTe/IlqDCzbW','alumno','M2',NULL,1,'2026-07-07 05:48:37',NULL,NULL,0,NULL),(859,'29296','Luciana','Montes','luciana.montes296@alumnos.frh.utn.edu.ar','$2y$10$5yRrE.rLgFJnjwtjI5hE/OILMrlVr5V49kMNXCdo4SWZH2gCGJ4u.','alumno','M3',NULL,1,'2026-07-07 05:48:37',NULL,NULL,0,NULL),(860,'29297','Valentina','Mendoza','valentina.mendoza297@alumnos.frh.utn.edu.ar','$2y$10$QfvcWU0B0TU.ri0vmJ.mdOITCrETJbwZGMvfkdknqv67xu43/zsKm','alumno','N3',NULL,1,'2026-07-07 05:48:37',NULL,NULL,0,NULL),(861,'29298','Romina','Ponce','romina.ponce298@alumnos.frh.utn.edu.ar','$2y$10$pDbW5s32n05e0ZUtjzR34e7kKastGclLncyir5p8KY/OKPamFptUO','alumno','N1',NULL,1,'2026-07-07 05:48:38',NULL,NULL,0,NULL),(863,'29533','Yoel','Arequipa','larequipa533@alumnos.frh.utn.edu.ar','$2y$10$B/5gCozZCnd3vek98yVlKe9AslNdJBPM2uUJULCILSLECOrrD282e','alumno','M4',NULL,1,'2026-07-07 05:58:12',NULL,NULL,0,NULL),(864,'30794','Facundo','Lucero','flucero794@alumnos.frh.utn.edu.ar','$2y$10$mHnqmYXWejjigmM6gYyuxuIUt799/YrW1KPMnPiAzqkds9lqARjQq','alumno','M4',NULL,1,'2026-07-07 05:58:32',NULL,NULL,0,NULL);
/*!40000 ALTER TABLE `usuarios` ENABLE KEYS */;
UNLOCK TABLES;

--
-- Temporary table structure for view `v_alumnos_en_riesgo`
--

DROP TABLE IF EXISTS `v_alumnos_en_riesgo`;
/*!50001 DROP VIEW IF EXISTS `v_alumnos_en_riesgo`*/;
SET @saved_cs_client     = @@character_set_client;
SET character_set_client = utf8;
/*!50001 CREATE VIEW `v_alumnos_en_riesgo` AS SELECT
 1 AS `alumno_id`,
  1 AS `nombre`,
  1 AS `apellido`,
  1 AS `legajo`,
  1 AS `curso`,
  1 AS `materia_id`,
  1 AS `materia`,
  1 AS `total_clases`,
  1 AS `clases_presentes`,
  1 AS `porcentaje` */;
SET character_set_client = @saved_cs_client;

--
-- Temporary table structure for view `v_asistencia_por_materia`
--

DROP TABLE IF EXISTS `v_asistencia_por_materia`;
/*!50001 DROP VIEW IF EXISTS `v_asistencia_por_materia`*/;
SET @saved_cs_client     = @@character_set_client;
SET character_set_client = utf8;
/*!50001 CREATE VIEW `v_asistencia_por_materia` AS SELECT
 1 AS `alumno_id`,
  1 AS `nombre`,
  1 AS `apellido`,
  1 AS `legajo`,
  1 AS `curso`,
  1 AS `materia_id`,
  1 AS `materia`,
  1 AS `total_clases`,
  1 AS `clases_presentes`,
  1 AS `porcentaje` */;
SET character_set_client = @saved_cs_client;

--
-- Temporary table structure for view `v_resumen_clases`
--

DROP TABLE IF EXISTS `v_resumen_clases`;
/*!50001 DROP VIEW IF EXISTS `v_resumen_clases`*/;
SET @saved_cs_client     = @@character_set_client;
SET character_set_client = utf8;
/*!50001 CREATE VIEW `v_resumen_clases` AS SELECT
 1 AS `clase_id`,
  1 AS `materia`,
  1 AS `codigo`,
  1 AS `curso`,
  1 AS `profesor`,
  1 AS `fecha`,
  1 AS `hora_inicio`,
  1 AS `duracion_min`,
  1 AS `aula`,
  1 AS `modalidad`,
  1 AS `estado`,
  1 AS `total_alumnos`,
  1 AS `presentes`,
  1 AS `ausentes`,
  1 AS `porcentaje` */;
SET character_set_client = @saved_cs_client;

--
-- Dumping routines for database 'asistencia_qr'
--

--
-- Final view structure for view `v_alumnos_en_riesgo`
--

/*!50001 DROP VIEW IF EXISTS `v_alumnos_en_riesgo`*/;
/*!50001 SET @saved_cs_client          = @@character_set_client */;
/*!50001 SET @saved_cs_results         = @@character_set_results */;
/*!50001 SET @saved_col_connection     = @@collation_connection */;
/*!50001 SET character_set_client      = utf8mb4 */;
/*!50001 SET character_set_results     = utf8mb4 */;
/*!50001 SET collation_connection      = utf8mb4_general_ci */;
/*!50001 CREATE ALGORITHM=UNDEFINED */
/*!50013 DEFINER=`root`@`localhost` SQL SECURITY DEFINER */
/*!50001 VIEW `v_alumnos_en_riesgo` AS select `v_asistencia_por_materia`.`alumno_id` AS `alumno_id`,`v_asistencia_por_materia`.`nombre` AS `nombre`,`v_asistencia_por_materia`.`apellido` AS `apellido`,`v_asistencia_por_materia`.`legajo` AS `legajo`,`v_asistencia_por_materia`.`curso` AS `curso`,`v_asistencia_por_materia`.`materia_id` AS `materia_id`,`v_asistencia_por_materia`.`materia` AS `materia`,`v_asistencia_por_materia`.`total_clases` AS `total_clases`,`v_asistencia_por_materia`.`clases_presentes` AS `clases_presentes`,`v_asistencia_por_materia`.`porcentaje` AS `porcentaje` from `v_asistencia_por_materia` where `v_asistencia_por_materia`.`porcentaje` < 75 or `v_asistencia_por_materia`.`porcentaje` is null */;
/*!50001 SET character_set_client      = @saved_cs_client */;
/*!50001 SET character_set_results     = @saved_cs_results */;
/*!50001 SET collation_connection      = @saved_col_connection */;

--
-- Final view structure for view `v_asistencia_por_materia`
--

/*!50001 DROP VIEW IF EXISTS `v_asistencia_por_materia`*/;
/*!50001 SET @saved_cs_client          = @@character_set_client */;
/*!50001 SET @saved_cs_results         = @@character_set_results */;
/*!50001 SET @saved_col_connection     = @@collation_connection */;
/*!50001 SET character_set_client      = utf8mb4 */;
/*!50001 SET character_set_results     = utf8mb4 */;
/*!50001 SET collation_connection      = utf8mb4_general_ci */;
/*!50001 CREATE ALGORITHM=UNDEFINED */
/*!50013 DEFINER=`root`@`localhost` SQL SECURITY DEFINER */
/*!50001 VIEW `v_asistencia_por_materia` AS select `i`.`alumno_id` AS `alumno_id`,`u`.`nombre` AS `nombre`,`u`.`apellido` AS `apellido`,`u`.`legajo` AS `legajo`,`u`.`curso` AS `curso`,`m`.`id` AS `materia_id`,`m`.`nombre` AS `materia`,count(`c`.`id`) AS `total_clases`,sum(`a`.`estado` in ('presente','tardanza')) AS `clases_presentes`,round(sum(`a`.`estado` in ('presente','tardanza')) / nullif(count(`c`.`id`),0) * 100,1) AS `porcentaje` from ((((`inscripciones` `i` join `usuarios` `u` on(`u`.`id` = `i`.`alumno_id`)) join `materias` `m` on(`m`.`id` = `i`.`materia_id`)) join `clases` `c` on(`c`.`materia_id` = `m`.`id` and `c`.`estado` = 'finalizada')) left join `asistencias` `a` on(`a`.`alumno_id` = `i`.`alumno_id` and `a`.`clase_id` = `c`.`id`)) group by `i`.`alumno_id`,`m`.`id` */;
/*!50001 SET character_set_client      = @saved_cs_client */;
/*!50001 SET character_set_results     = @saved_cs_results */;
/*!50001 SET collation_connection      = @saved_col_connection */;

--
-- Final view structure for view `v_resumen_clases`
--

/*!50001 DROP VIEW IF EXISTS `v_resumen_clases`*/;
/*!50001 SET @saved_cs_client          = @@character_set_client */;
/*!50001 SET @saved_cs_results         = @@character_set_results */;
/*!50001 SET @saved_col_connection     = @@collation_connection */;
/*!50001 SET character_set_client      = utf8mb4 */;
/*!50001 SET character_set_results     = utf8mb4 */;
/*!50001 SET collation_connection      = utf8mb4_general_ci */;
/*!50001 CREATE ALGORITHM=UNDEFINED */
/*!50013 DEFINER=`root`@`localhost` SQL SECURITY DEFINER */
/*!50001 VIEW `v_resumen_clases` AS select `c`.`id` AS `clase_id`,`m`.`nombre` AS `materia`,`m`.`codigo` AS `codigo`,`m`.`curso` AS `curso`,concat(`u`.`nombre`,' ',`u`.`apellido`) AS `profesor`,`c`.`fecha` AS `fecha`,`c`.`hora_inicio` AS `hora_inicio`,`c`.`duracion_min` AS `duracion_min`,`c`.`aula` AS `aula`,`c`.`modalidad` AS `modalidad`,`c`.`estado` AS `estado`,count(distinct `i`.`alumno_id`) AS `total_alumnos`,sum(`a`.`estado` in ('presente','tardanza')) AS `presentes`,count(distinct `i`.`alumno_id`) - coalesce(sum(`a`.`estado` in ('presente','tardanza')),0) AS `ausentes`,round(sum(`a`.`estado` in ('presente','tardanza')) / nullif(count(distinct `i`.`alumno_id`),0) * 100,1) AS `porcentaje` from ((((`clases` `c` join `materias` `m` on(`m`.`id` = `c`.`materia_id`)) left join `usuarios` `u` on(`u`.`id` = `m`.`profesor_id`)) left join `inscripciones` `i` on(`i`.`materia_id` = `m`.`id`)) left join `asistencias` `a` on(`a`.`clase_id` = `c`.`id` and `a`.`alumno_id` = `i`.`alumno_id`)) group by `c`.`id` */;
/*!50001 SET character_set_client      = @saved_cs_client */;
/*!50001 SET character_set_results     = @saved_cs_results */;
/*!50001 SET collation_connection      = @saved_col_connection */;
/*!40103 SET TIME_ZONE=@OLD_TIME_ZONE */;

/*!40101 SET SQL_MODE=@OLD_SQL_MODE */;
/*!40014 SET FOREIGN_KEY_CHECKS=@OLD_FOREIGN_KEY_CHECKS */;
/*!40014 SET UNIQUE_CHECKS=@OLD_UNIQUE_CHECKS */;
/*!40101 SET CHARACTER_SET_CLIENT=@OLD_CHARACTER_SET_CLIENT */;
/*!40101 SET CHARACTER_SET_RESULTS=@OLD_CHARACTER_SET_RESULTS */;
/*!40101 SET COLLATION_CONNECTION=@OLD_COLLATION_CONNECTION */;
/*!40111 SET SQL_NOTES=@OLD_SQL_NOTES */;

-- Dump completed on 2026-07-08  9:40:37
